학교명,소재지도로명주소,학교급구분,위도,경도
경기대학교 예술대학원,"경기도 수원시 영통구 광교산로 154-42 (이의동, 경기대학교)",대학원,37.29800492653292,127.0331153552954
서울사이버대학교,"서울특별시 강북구 솔매로49길 60 (미아동, 서울사이버대학교)",대학,37.62983633168693,127.02711479158252
서울사이버대학교 상담심리대학원,"서울특별시 강북구 솔매로49길 60 (미아동, 서울사이버대학교)",대학원,37.62983633168693,127.02711479158252
서울사이버대학교 휴먼서비스대학원,"서울특별시 강북구 솔매로49길 60 (미아동, 서울사이버대학교)",대학원,37.62983633168693,127.02711479158252
한신대학교 사회혁신경영대학원,"서울특별시 강북구 인수봉로 159(수유동, 한신대학교 사회혁신경영대학원)",대학원,37.63497572764595,127.01205358074466
한신대학교 신학대학원,"서울특별시 강북구 인수봉로 159(수유동, 한신대학교 신학대학원)",대학원,37.63497572764595,127.01205358074466
서울디지털대학교,"서울특별시 강서구 공항대로 424 (화곡동, 서울디지털대학교)",대학,37.55499773846616,126.85401580327986
강서대학교,"서울특별시 강서구 까치산로24길 47 (화곡동, 케이씨대학교)",대학,37.54837038592048,126.85356357573184
강서대학교 신학대학원,"서울특별시 강서구 까치산로24길 47 (화곡동, 케이씨대학교)",대학원,37.54837038592048,126.85356357573184
강서대학교 교육대학원,"서울특별시 강서구 까치산로24길 47 (화곡동, 케이씨대학교)",대학원,37.54837038592048,126.85356357573184
강서대학교 사회복지대학원,"서울특별시 강서구 까치산로24길 47 (화곡동, 케이씨대학교)",대학원,37.54837038592048,126.85356357573184
강서대학교 일반대학원,"서울특별시 강서구 까치산로24길 47 (화곡동, 케이씨대학교)",대학원,37.54837038592048,126.85356357573184
정석대학,서울특별시 강서구 오정로 576 (공항동),대학,37.54619957012049,126.81388214647554
한국폴리텍 I 대학 서울강서캠퍼스,"서울특별시 강서구 우장산로10길 112 (화곡동, 한국폴리텍Ⅰ서울강서대학)",전문대학,37.54923734194592,126.84243912670924
서울대학교 데이터사이언스대학원,서울특별시 관악구 관악로 1 (신림동),대학원,37.4487326924292,126.9511526666714
서울대학교,"서울특별시 관악구 관악로 1 (신림동, 서울대학교)",대학,37.468032315407065,126.95928944385189
서울대학교 대학원,"서울특별시 관악구 관악로 1 (신림동, 서울대학교)",대학원,37.468032315407065,126.95928944385189
서울대학교 보건대학원,"서울특별시 관악구 관악로 1 (신림동, 서울대학교)",대학원,37.468032315407065,126.95928944385189
서울대학교 행정대학원,"서울특별시 관악구 관악로 1 (신림동, 서울대학교)",대학원,37.468032315407065,126.95928944385189
서울대학교 환경대학원,"서울특별시 관악구 관악로 1 (신림동, 서울대학교)",대학원,37.468032315407065,126.95928944385189
서울대학교 국제대학원,"서울특별시 관악구 관악로 1 (신림동, 서울대학교)",대학원,37.468032315407065,126.95928944385189
서울대학교 경영전문대학원,"서울특별시 관악구 관악로 1 (신림동, 서울대학교)",대학원,37.468032315407065,126.95928944385189
서울대학교 법학전문대학원,"서울특별시 관악구 관악로 1 (신림동, 서울대학교)",대학원,37.468032315407065,126.95928944385189
서울대학교 융합과학기술대학원,"서울특별시 관악구 관악로 1 (신림동, 서울대학교)",대학원,37.468032315407065,126.95928944385189
서울대학교 공학전문대학원,"서울특별시 관악구 관악로 1 (신림동, 서울대학교)",대학원,37.468032315407065,126.95928944385189
장로회신학대학교,"서울특별시 광진구 광장로5길 25-1 (광장동, 장로회신학대학교)",대학,37.550073279003264,127.10474893620638
장로회신학대학교 일반대학원,"서울특별시 광진구 광장로5길 25-1 (광장동, 장로회신학대학교)",대학원,37.550073279003264,127.10474893620638
장로회신학대학교 신학대학원,"서울특별시 광진구 광장로5길 25-1 (광장동, 장로회신학대학교)",대학원,37.550073279003264,127.10474893620638
장로회신학대학교 세계선교대학원,"서울특별시 광진구 광장로5길 25-1 (광장동, 장로회신학대학교)",대학원,37.550073279003264,127.10474893620638
장로회신학대학교 교육대학원,"서울특별시 광진구 광장로5길 25-1 (광장동, 장로회신학대학교)",대학원,37.550073279003264,127.10474893620638
장로회신학대학교 교회음악대학원,"서울특별시 광진구 광장로5길 25-1 (광장동, 장로회신학대학교)",대학원,37.550073279003264,127.10474893620638
장로회신학대학교 목회전문대학원,"서울특별시 광진구 광장로5길 25-1 (광장동, 장로회신학대학교)",대학원,37.550073279003264,127.10474893620638
장로회신학대학교 기독교와사회대학원,"서울특별시 광진구 광장로5길 25-1 (광장동, 장로회신학대학교)",대학원,37.550073279003264,127.10474893620638
세종사이버대학교,"서울특별시 광진구 군자로 121 (군자동, 세종사이버대학)",대학,37.55382164856669,127.07331185860372
세종사이버대학교 대학원,"서울특별시 광진구 군자로 121 (군자동, 세종사이버대학)",대학원,37.55382164856669,127.07331185860372
세종사이버대학교 정보보호대학원,"서울특별시 광진구 군자로 121 (군자동, 세종사이버대학)",대학원,37.55382164856669,127.07331185860372
세종사이버대학교 경영대학원,"서울특별시 광진구 군자로 121 (군자동, 세종사이버대학)",대학원,37.55382164856669,127.07331185860372
건국대학교 수의방역대학원,서울특별시 광진구 능동로 120 (화양동),대학원,37.54015528223202,127.08033990592044
건국대학교,"서울특별시 광진구 능동로 120 (화양동, 건국대학교)",대학,37.53918248242575,127.08052646731451
건국대학교 일반대학원,"서울특별시 광진구 능동로 120 (화양동, 건국대학교)",대학원,37.53918248242575,127.08052646731451
건국대학교 행정대학원,"서울특별시 광진구 능동로 120 (화양동, 건국대학교)",대학원,37.53918248242575,127.08052646731451
건국대학교 교육대학원,"서울특별시 광진구 능동로 120 (화양동, 건국대학교)",대학원,37.53918248242575,127.08052646731451
건국대학교 산업대학원,"서울특별시 광진구 능동로 120 (화양동, 건국대학교)",대학원,37.53918248242575,127.08052646731451
건국대학교 경영대학원,"서울특별시 광진구 능동로 120 (화양동, 건국대학교)",대학원,37.53918248242575,127.08052646731451
건국대학교 농축대학원,"서울특별시 광진구 능동로 120 (화양동, 건국대학교)",대학원,37.53918248242575,127.08052646731451
건국대학교 언론홍보대학원,"서울특별시 광진구 능동로 120 (화양동, 건국대학교)",대학원,37.53918248242575,127.08052646731451
건국대학교 건축전문대학원,"서울특별시 광진구 능동로 120 (화양동, 건국대학교)",대학원,37.53918248242575,127.08052646731451
건국대학교 디자인대학원,"서울특별시 광진구 능동로 120 (화양동, 건국대학교)",대학원,37.53918248242575,127.08052646731451
건국대학교 예술디자인대학원,"서울특별시 광진구 능동로 120 (화양동, 건국대학교)",대학원,37.53918248242575,127.08052646731451
건국대학교 정보통신대학원,"서울특별시 광진구 능동로 120 (화양동, 건국대학교)",대학원,37.53918248242575,127.08052646731451
건국대학교 부동산대학원,"서울특별시 광진구 능동로 120 (화양동, 건국대학교)",대학원,37.53918248242575,127.08052646731451
건국대학교 법학전문대학원,"서울특별시 광진구 능동로 120 (화양동, 건국대학교)",대학원,37.53918248242575,127.08052646731451
건국대학교 경영전문대학원,"서울특별시 광진구 능동로 120 (화양동, 건국대학교)",대학원,37.53918248242575,127.08052646731451
세종대학교 일반대학원,"서울특별시 광진구 능동로 209 (군자동, 세종대학교)",대학원,37.55160383612465,127.0731773270332
세종대학교 교육대학원,"서울특별시 광진구 능동로 209 (군자동, 세종대학교)",대학원,37.55160383612465,127.0731773270332
세종대학교,"서울특별시 광진구 능동로 209 (군자동, 세종대학교)",대학,37.55160383612465,127.0731773270332
세종대학교 경영전문대학원,"서울특별시 광진구 능동로 209 (군자동, 세종대학교)",대학원,37.55160383612465,127.0731773270332
세종대학교 정책과학대학원,"서울특별시 광진구 능동로 209 (군자동, 세종대학교)",대학원,37.55160383612465,127.0731773270332
세종대학교 행정대학원,"서울특별시 광진구 능동로 209 (군자동, 세종대학교)",대학원,37.55160383612465,127.0731773270332
세종대학교 관광대학원,"서울특별시 광진구 능동로 209 (군자동, 세종대학교)",대학원,37.55160383612465,127.0731773270332
세종대학교 언론홍보대학원,"서울특별시 광진구 능동로 209 (군자동, 세종대학교)",대학원,37.55160383612465,127.0731773270332
세종대학교 공연예술대학원,"서울특별시 광진구 능동로 209 (군자동, 세종대학교)",대학원,37.55160383612465,127.0731773270332
세종대학교 영상대학원,"서울특별시 광진구 능동로 209 (군자동, 세종대학교)",대학원,37.55160383612465,127.0731773270332
세종대학교 산업경영대학원,"서울특별시 광진구 능동로 209 (군자동, 세종대학교)",대학원,37.55160383612465,127.0731773270332
세종대학교 산업대학원,"서울특별시 광진구 능동로 209 (군자동, 세종대학교)",대학원,37.55160383612465,127.0731773270332
세종대학교 도시부동산대학원,"서울특별시 광진구 능동로 209 (군자동, 세종대학교)",대학원,37.55160383612465,127.0731773270332
세종대학교 문화예술콘텐츠대학원,"서울특별시 광진구 능동로 209 (군자동, 세종대학교)",대학원,37.55160383612465,127.0731773270332
세종대학교 공공정책대학원,"서울특별시 광진구 능동로 209 (군자동, 세종대학교)",대학원,37.55160383612465,127.0731773270332
세종대학교 융합예술대학원,"서울특별시 광진구 능동로 209 (군자동, 세종대학교)",대학원,37.55160383612465,127.0731773270332
서울한영대학교,서울특별시 구로구 경인로 290-42 (개봉동),대학,37.496581958185885,126.85083136773574
서울한영대학교 상담복지대학원,서울특별시 구로구 경인로 290-42 (개봉동),대학원,37.496581958185885,126.85083136773574
서울한영대학교 일반대학원,서울특별시 구로구 경인로 290-42 (개봉동),대학원,37.496581958185885,126.85083136773574
서울한영대학교 국제신학선교대학원,서울특별시 구로구 경인로 290-42(개봉동),대학원,37.496581958185885,126.85083136773574
동양미래대학교,"서울특별시 구로구 경인로 445 (고척동, 동양미래대학)",전문대학,37.50115247630604,126.86756968412796
성공회대학교 시민평화대학원,서울특별시 구로구 연동로 320 (항동),대학원,37.48752042679367,126.82616043085288
성공회대학교,"서울특별시 구로구 연동로 320 (항동, 성공회대학교)",대학,37.48809820290722,126.82474130498724
성공회대학교 시민사회복지대학원,"서울특별시 구로구 연동로 320 (항동, 성공회대학교)",대학원,37.48809820290722,126.82474130498724
성공회대학교 대학원,"서울특별시 구로구 연동로 320 (항동, 성공회대학교)",대학원,37.48809820290722,126.82474130498724
성공회대학교 교육대학원,"서울특별시 구로구 연동로 320 (항동, 성공회대학교)",대학원,37.48809820290722,126.82474130498724
성공회대학교 신학전문대학원,"서울특별시 구로구 연동로 320 (항동, 성공회대학교)",대학원,37.48809820290722,126.82474130498724
성공회대학교 NGO대학원,"서울특별시 구로구 연동로 320 (항동, 성공회대학교)",대학원,37.48809820290722,126.82474130498724
성공회대학교 문화대학원,"서울특별시 구로구 연동로 320 (항동, 성공회대학교)",대학원,37.48809820290722,126.82474130498724
성공회대학교 신학대학원,"서울특별시 구로구 연동로 320 (항동, 성공회대학교)",대학원,37.48809820290722,126.82474130498724
성공회대학교 사회적경제대학원,"서울특별시 구로구 연동로 320 (항동, 성공회대학교)",대학원,37.48809820290722,126.82474130498724
서울과학기술대학교 융합과학대학원,서울특별시 노원구 공릉로 232 (공릉동),대학원,37.634802226411786,127.07935483276516
서울과학기술대학교,"서울특별시 노원구 공릉로 232 (공릉동, 서울과학기술대학교)",대학,37.62985542196715,127.0797907058316
서울과학기술대학교 IT정책전문대학원,"서울특별시 노원구 공릉로 232 (공릉동, 서울과학기술대학교)",대학원,37.62985542196715,127.0797907058316
서울과학기술대학교 나노IT디자인융합대,"서울특별시 노원구 공릉로 232 (공릉동, 서울과학기술대학교)",대학원,37.62985542196715,127.0797907058316
서울과학기술대학교 산업대학원,"서울특별시 노원구 공릉로 232 (공릉동, 서울과학기술대학교)",대학원,37.62985542196715,127.0797907058316
서울과학기술대학교 에너지환경대학원,"서울특별시 노원구 공릉로 232 (공릉동, 서울과학기술대학교)",대학원,37.62985542196715,127.0797907058316
서울과학기술대학교 일반대학원,"서울특별시 노원구 공릉로 232 (공릉동, 서울과학기술대학교)",대학원,37.62985542196715,127.0797907058316
서울과학기술대학교 주택도시대학원,"서울특별시 노원구 공릉로 232 (공릉동, 서울과학기술대학교)",대학원,37.62985542196715,127.0797907058316
서울과학기술대학교 철도전문대학원,"서울특별시 노원구 공릉로 232 (공릉동, 서울과학기술대학교)",대학원,37.62985542196715,127.0797907058316
광운대학교,"서울특별시 노원구 광운로 20 (월계동, 광운대학교)",대학,37.62052617857293,127.0599108586708
광운대학교 대학원,"서울특별시 노원구 광운로 20 (월계동, 광운대학교)",대학원,37.62052617857293,127.0599108586708
광운대학교 스마트융합대학원,"서울특별시 노원구 광운로 20 (월계동, 광운대학교)",대학원,37.62052617857293,127.0599108586708
광운대학교 정보콘텐츠대학원,"서울특별시 노원구 광운로 20 (월계동, 광운대학교)",대학원,37.62052617857293,127.0599108586708
광운대학교 환경대학원,"서울특별시 노원구 광운로 20 (월계동, 광운대학교)",대학원,37.62052617857293,127.0599108586708
광운대학교 경영대학원,"서울특별시 노원구 광운로 20 (월계동, 광운대학교)",대학원,37.62052617857293,127.0599108586708
광운대학교 교육대학원,"서울특별시 노원구 광운로 20 (월계동, 광운대학교)",대학원,37.62052617857293,127.0599108586708
광운대학교 상담복지정책대학원,"서울특별시 노원구 광운로 20 (월계동, 광운대학교)",대학원,37.62052617857293,127.0599108586708
광운대학교 건설법무대학원,"서울특별시 노원구 광운로 20 (월계동, 광운대학교)",대학원,37.62052617857293,127.0599108586708
한국성서대학교 교육대학원,서울특별시 노원구 동일로214길 32 (상계동),대학원,37.6480784473466,127.06431667187218
한국성서대학교,"서울특별시 노원구 동일로214길 32 (상계동, 한국성서대학교)",대학,37.6480784473466,127.06431667187218
한국성서대학교 대학원,"서울특별시 노원구 동일로214길 32 (상계동, 한국성서대학교)",대학원,37.6480784473466,127.06431667187218
한국성서대학교 신학대학원,"서울특별시 노원구 동일로214길 32 (상계동, 한국성서대학교)",대학원,37.6480784473466,127.06431667187218
한국성서대학교 사회복지대학원,"서울특별시 노원구 동일로214길 32 (상계동, 한국성서대학교)",대학원,37.6480784473466,127.06431667187218
한국성서대학교 보육대학원,"서울특별시 노원구 동일로214길 32 (상계동, 한국성서대학교)",대학원,37.6480784473466,127.06431667187218
인덕대학교,"서울특별시 노원구 초안산로 12 (월계동, 인덕대학)",전문대학,37.62925071261522,127.0549862441417
서울여자대학교,"서울특별시 노원구 화랑로 621 (공릉동, 서울여자대학교)",대학,37.627373179570064,127.09161334338968
서울여자대학교 대학원,"서울특별시 노원구 화랑로 621 (공릉동, 서울여자대학교)",대학원,37.627373179570064,127.09161334338968
서울여자대학교 교육대학원,"서울특별시 노원구 화랑로 621 (공릉동, 서울여자대학교)",대학원,37.627373179570064,127.09161334338968
서울여자대학교 특수치료전문대학원,"서울특별시 노원구 화랑로 621 (공릉동, 서울여자대학교)",대학원,37.627373179570064,127.09161334338968
서울여자대학교 사회복지 기독교대학원,"서울특별시 노원구 화랑로 621 (공릉동, 서울여자대학교)",대학원,37.627373179570064,127.09161334338968
서울여자대학교 휴먼서비스대학원,"서울특별시 노원구 화랑로 621 (공릉동, 서울여자대학교)",대학원,37.627373179570064,127.09161334338968
삼육대학교,"서울특별시 노원구 화랑로 815 (공릉동, 삼육대학교)",대학,37.643349239252494,127.10884596217429
삼육대학교 대학원,"서울특별시 노원구 화랑로 815 (공릉동, 삼육대학교)",대학원,37.643349239252494,127.10884596217429
삼육대학교 신학대학원,"서울특별시 노원구 화랑로 815 (공릉동, 삼육대학교)",대학원,37.643349239252494,127.10884596217429
삼육대학교 신학전문대학원,"서울특별시 노원구 화랑로 815 (공릉동, 삼육대학교)",대학원,37.643349239252494,127.10884596217429
삼육대학교 경영대학원,"서울특별시 노원구 화랑로 815 (공릉동, 삼육대학교)",대학원,37.643349239252494,127.10884596217429
삼육대학교 보건복지대학원,"서울특별시 노원구 화랑로 815 (공릉동, 삼육대학교)",대학원,37.643349239252494,127.10884596217429
삼육대학교 임상간호대학원,"서울특별시 노원구 화랑로 815 (공릉동, 삼육대학교)",대학원,37.643349239252494,127.10884596217429
덕성여자대학교,"서울특별시 도봉구 삼양로144길 33 (쌍문동, 덕성여자대학교)",대학,37.65246818835688,127.01582755454496
덕성여자대학교 대학원,"서울특별시 도봉구 삼양로144길 33 (쌍문동, 덕성여자대학교)",대학원,37.65246818835688,127.01582755454496
경희대학교 미디어커뮤니케이션대학원,서울특별시 동대문구 경희대로 26 (회기동),대학원,37.59394476333224,127.05489072965769
경희대학교,"서울특별시 동대문구 경희대로 26 (회기동, 경희대학교)",대학,37.59389113181495,127.05262552957888
경희대학교 대학원,"서울특별시 동대문구 경희대로 26 (회기동, 경희대학교)",대학원,37.59389113181495,127.05262552957888
경희대학교 경영대학원,"서울특별시 동대문구 경희대로 26 (회기동, 경희대학교)",대학원,37.59389113181495,127.05262552957888
경희대학교 교육대학원,"서울특별시 동대문구 경희대로 26 (회기동, 경희대학교)",대학원,37.59389113181495,127.05262552957888
경희대학교 행정대학원,"서울특별시 동대문구 경희대로 26 (회기동, 경희대학교)",대학원,37.59389113181495,127.05262552957888
경희대학교 언론정보대학원,"서울특별시 동대문구 경희대로 26 (회기동, 경희대학교)",대학원,37.59389113181495,127.05262552957888
경희대학교 국제법무대학원,"서울특별시 동대문구 경희대로 26 (회기동, 경희대학교)",대학원,37.59389113181495,127.05262552957888
경희대학교 법무대학원,"서울특별시 동대문구 경희대로 26 (회기동, 경희대학교)",대학원,37.59389113181495,127.05262552957888
경희대학교 NGO대학원,"서울특별시 동대문구 경희대로 26 (회기동, 경희대학교)",대학원,37.59389113181495,127.05262552957888
경희대학교 관광대학원,"서울특별시 동대문구 경희대로 26 (회기동, 경희대학교)",대학원,37.59389113181495,127.05262552957888
경희대학교 의학전문대학원,"서울특별시 동대문구 경희대로 26 (회기동, 경희대학교)",대학원,37.59389113181495,127.05262552957888
경희대학교 치의학전문대학원,"서울특별시 동대문구 경희대로 26 (회기동, 경희대학교)",대학원,37.59389113181495,127.05262552957888
경희대학교 법학전문대학원,"서울특별시 동대문구 경희대로 26 (회기동, 경희대학교)",대학원,37.59389113181495,127.05262552957888
경희대학교 공공대학원,"서울특별시 동대문구 경희대로 26 (회기동, 경희대학교)",대학원,37.59389113181495,127.05262552957888
경희사이버대학교,"서울특별시 동대문구 경희대로 26 (회기동, 경희사이버대학교)",대학,37.59389113181495,127.05262552957888
경희사이버대학교 문화창조대학원,"서울특별시 동대문구 경희대로 26 (회기동, 경희사이버대학교)",대학원,37.59389113181495,127.05262552957888
경희사이버대학교 호텔관광대학원,"서울특별시 동대문구 경희대로 26 (회기동, 경희사이버대학교)",대학원,37.59389113181495,127.05262552957888
경희대학교 간호대학원,서울특별시 동대문구 경희대로 26(회기동),대학원,37.59394476333224,127.05489072965769
삼육보건대학교,"서울특별시 동대문구 망우로 82 (휘경동, 삼육보건대학)",전문대학,37.588757701333606,127.06582935087526
서울시립대학교,"서울특별시 동대문구 서울시립대로 163 (전농동, 서울시립대학교)",대학,37.58257085574783,127.05998714874136
서울시립대학교 대학원,"서울특별시 동대문구 서울시립대로 163 (전농동, 서울시립대학교)",대학원,37.58257085574783,127.05998714874136
서울시립대학교 도시과학대학원,"서울특별시 동대문구 서울시립대로 163 (전농동, 서울시립대학교)",대학원,37.58257085574783,127.05998714874136
서울시립대학교 경영대학원,"서울특별시 동대문구 서울시립대로 163 (전농동, 서울시립대학교)",대학원,37.58257085574783,127.05998714874136
서울시립대학교 과학기술대학원,"서울특별시 동대문구 서울시립대로 163 (전농동, 서울시립대학교)",대학원,37.58257085574783,127.05998714874136
서울시립대학교 교육대학원,"서울특별시 동대문구 서울시립대로 163 (전농동, 서울시립대학교)",대학원,37.58257085574783,127.05998714874136
서울시립대학교 세무전문대학원,"서울특별시 동대문구 서울시립대로 163 (전농동, 서울시립대학교)",대학원,37.58257085574783,127.05998714874136
서울시립대학교 디자인전문대학원,"서울특별시 동대문구 서울시립대로 163 (전농동, 서울시립대학교)",대학원,37.58257085574783,127.05998714874136
서울시립대학교 법학전문대학원,"서울특별시 동대문구 서울시립대로 163 (전농동, 서울시립대학교)",대학원,37.58257085574783,127.05998714874136
서울시립대학교 국제도시과학대학원,"서울특별시 동대문구 서울시립대로 163 (전농동, 서울시립대학교)",대학원,37.58257085574783,127.05998714874136
서울시립대학교 도시보건대학원,"서울특별시 동대문구 서울시립대로 163 (전농동, 서울시립대학교)",대학원,37.58257085574783,127.05998714874136
한국외국어대학교 글로벌공공리더십대학원,서울특별시 동대문구 이문로 107 (이문동),대학원,37.59829167346994,127.05793479558967
한국외국어대학교 글로벌미디어커뮤니케이,서울특별시 동대문구 이문로 107 (이문동),대학원,37.59829167346994,127.05793479558967
한국외국어대학교,"서울특별시 동대문구 이문로 107 (이문동, 한국외국어대학교)",대학,37.59829167346994,127.05793479558967
한국외국어대학교 일반대학원,"서울특별시 동대문구 이문로 107 (이문동, 한국외국어대학교)",대학원,37.59829167346994,127.05793479558967
한국외국어대학교 통번역대학원,"서울특별시 동대문구 이문로 107 (이문동, 한국외국어대학교)",대학원,37.59829167346994,127.05793479558967
한국외국어대학교 교육대학원,"서울특별시 동대문구 이문로 107 (이문동, 한국외국어대학교)",대학원,37.59829167346994,127.05793479558967
한국외국어대학교 정치행정언론대학원,"서울특별시 동대문구 이문로 107 (이문동, 한국외국어대학교)",대학원,37.59829167346994,127.05793479558967
한국외국어대학교 국제지역대학원,"서울특별시 동대문구 이문로 107 (이문동, 한국외국어대학교)",대학원,37.59829167346994,127.05793479558967
사이버한국외국어대학교,"서울특별시 동대문구 이문로 107 (이문동, 한국외국어대학교)",대학,37.59829167346994,127.05793479558967
한국외국어대학교 경영대학원,"서울특별시 동대문구 이문로 107 (이문동, 한국외국어대학교)",대학원,37.59829167346994,127.05793479558967
한국외국어대학교 TESOL 대학원,"서울특별시 동대문구 이문로 107 (이문동, 한국외국어대학교)",대학원,37.59829167346994,127.05793479558967
한국외국어대학교 법학전문대학원,"서울특별시 동대문구 이문로 107 (이문동, 한국외국어대학교)",대학원,37.59829167346994,127.05793479558967
사이버한국외국어대학교 TESOL 대학,"서울특별시 동대문구 이문로 107 (이문동, 한국외국어대학교)",대학원,37.59829167346994,127.05793479558967
한국외국어대학교 KFL대학원,"서울특별시 동대문구 이문로 107 (이문동, 한국외국어대학교)",대학원,37.59829167346994,127.05793479558967
총신대학교 평화통일개발대학원,서울특별시 동작구 사당로 143 (사당동),대학원,37.48792321482885,126.96675876907844
총신대학교,"서울특별시 동작구 사당로 143 (사당동, 총신대학교)",대학,37.48792321482885,126.96675876907844
총신대학교 일반대학원,"서울특별시 동작구 사당로 143 (사당동, 총신대학교)",대학원,37.48792321482885,126.96675876907844
총신대학교 교육대학원,"서울특별시 동작구 사당로 143 (사당동, 총신대학교)",대학원,37.48792321482885,126.96675876907844
총신대학교 선교대학원,"서울특별시 동작구 사당로 143 (사당동, 총신대학교)",대학원,37.48792321482885,126.96675876907844
총신대학교 목회신학대학원,"서울특별시 동작구 사당로 143 (사당동, 총신대학교)",대학원,37.48792321482885,126.96675876907844
총신대학교 사회복지대학원,"서울특별시 동작구 사당로 143 (사당동, 총신대학교)",대학원,37.48792321482885,126.96675876907844
총신대학교 상담대학원,"서울특별시 동작구 사당로 143 (사당동, 총신대학교)",대학원,37.48792321482885,126.96675876907844
총신대학교 교회음악대학원,"서울특별시 동작구 사당로 143 (사당동, 총신대학교)",대학원,37.48792321482885,126.96675876907844
총신대학교 통일개발대학원,서울특별시 동작구 사당로 143(사당동),대학원,37.48792321482885,126.96675876907844
숭실대학교 안전융합대학원,서울특별시 동작구 상도로 369 (상도동),대학원,37.49698460061064,126.95746301536464
숭실대학교,"서울특별시 동작구 상도로 369 (상도동, 숭실대학교)",대학,37.49642411822005,126.95514794313264
숭실대학교 대학원,"서울특별시 동작구 상도로 369 (상도동, 숭실대학교)",대학원,37.49642411822005,126.95514794313264
숭실대학교 중소기업대학원,"서울특별시 동작구 상도로 369 (상도동, 숭실대학교)",대학원,37.49642411822005,126.95514794313264
숭실대학교 정보과학대학원,"서울특별시 동작구 상도로 369 (상도동, 숭실대학교)",대학원,37.49642411822005,126.95514794313264
숭실대학교 사회복지대학원,"서울특별시 동작구 상도로 369 (상도동, 숭실대학교)",대학원,37.49642411822005,126.95514794313264
숭실대학교 경영대학원,"서울특별시 동작구 상도로 369 (상도동, 숭실대학교)",대학원,37.49642411822005,126.95514794313264
숭실대학교 교육대학원,"서울특별시 동작구 상도로 369 (상도동, 숭실대학교)",대학원,37.49642411822005,126.95514794313264
숭실대학교 기독교학대학원,"서울특별시 동작구 상도로 369 (상도동, 숭실대학교)",대학원,37.49642411822005,126.95514794313264
중앙대학교 커뮤니케이션대학원,서울특별시 동작구 흑석로 84 (흑석동),대학원,37.50471952823335,126.95383180060443
중앙대학교 보안대학원,서울특별시 동작구 흑석로 84 (흑석동),대학원,37.50471952823335,126.95383180060443
중앙대학교 첨단광고PR대학원,서울특별시 동작구 흑석로 84 (흑석동),대학원,37.50471952823335,126.95383180060443
중앙대학교,"서울특별시 동작구 흑석로 84 (흑석동, 중앙대학교)",대학,37.50471952823335,126.95383180060443
중앙대학교 대학원,"서울특별시 동작구 흑석로 84 (흑석동, 중앙대학교)",대학원,37.50471952823335,126.95383180060443
적십자간호대학,"서울특별시 동작구 흑석로 84 (흑석동, 중앙대학교)",전문대학,37.50471952823335,126.95383180060443
중앙대학교 사회개발대학원,"서울특별시 동작구 흑석로 84 (흑석동, 중앙대학교)",대학원,37.50471952823335,126.95383180060443
중앙대학교 교육대학원,"서울특별시 동작구 흑석로 84 (흑석동, 중앙대학교)",대학원,37.50471952823335,126.95383180060443
중앙대학교 신문방송대학원,"서울특별시 동작구 흑석로 84 (흑석동, 중앙대학교)",대학원,37.50471952823335,126.95383180060443
중앙대학교 건설대학원,"서울특별시 동작구 흑석로 84 (흑석동, 중앙대학교)",대학원,37.50471952823335,126.95383180060443
중앙대학교 정보대학원,"서울특별시 동작구 흑석로 84 (흑석동, 중앙대학교)",대학원,37.50471952823335,126.95383180060443
중앙대학교 의약식품대학원,"서울특별시 동작구 흑석로 84 (흑석동, 중앙대학교)",대학원,37.50471952823335,126.95383180060443
중앙대학교 예술대학원,"서울특별시 동작구 흑석로 84 (흑석동, 중앙대학교)",대학원,37.50471952823335,126.95383180060443
중앙대학교 국제대학원,"서울특별시 동작구 흑석로 84 (흑석동, 중앙대학교)",대학원,37.50471952823335,126.95383180060443
중앙대학교 첨단영상대학원,"서울특별시 동작구 흑석로 84 (흑석동, 중앙대학교)",대학원,37.50471952823335,126.95383180060443
중앙대학교 글로벌인적자원개발대학원,"서울특별시 동작구 흑석로 84 (흑석동, 중앙대학교)",대학원,37.50471952823335,126.95383180060443
중앙대학교 경영전문대학원,"서울특별시 동작구 흑석로 84 (흑석동, 중앙대학교)",대학원,37.50471952823335,126.95383180060443
중앙대학교 법학전문대학원,"서울특별시 동작구 흑석로 84 (흑석동, 중앙대학교)",대학원,37.50471952823335,126.95383180060443
중앙대학교 의학전문대학원,"서울특별시 동작구 흑석로 84 (흑석동, 중앙대학교)",대학원,37.50471952823335,126.95383180060443
중앙대학교 행정대학원,"서울특별시 동작구 흑석로 84 (흑석동, 중앙대학교)",대학원,37.50471952823335,126.95383180060443
중앙대학교 글로벌대학원,"서울특별시 동작구 흑석로 84 (흑석동, 중앙대학교)",대학원,37.50471952823335,126.95383180060443
중앙대학교 건강간호대학원,"서울특별시 동작구 흑석로 84 (흑석동, 중앙대학교)",대학원,37.50471952823335,126.95383180060443
중앙대학교 사회복지대학원,"서울특별시 동작구 흑석로 84 (흑석동, 중앙대학교)",대학원,37.50471952823335,126.95383180060443
중앙대학교 심리서비스대학원,"서울특별시 동작구 흑석로 84 (흑석동, 중앙대학교)",대학원,37.50471952823335,126.95383180060443
서강대학교 AI SW대학원,서울특별시 마포구 백범로 35 (신수동),대학원,37.55146719604017,126.94301880397664
서강대학교,"서울특별시 마포구 백범로 35 (신수동, 서강대학교)",대학,37.5510761566812,126.94228584484728
서강대학교 대학원,"서울특별시 마포구 백범로 35 (신수동, 서강대학교)",대학원,37.5510761566812,126.94228584484728
서강대학교 공공정책대학원,"서울특별시 마포구 백범로 35 (신수동, 서강대학교)",대학원,37.5510761566812,126.94228584484728
서강대학교 교육대학원,"서울특별시 마포구 백범로 35 (신수동, 서강대학교)",대학원,37.5510761566812,126.94228584484728
서강대학교 경제대학원,"서울특별시 마포구 백범로 35 (신수동, 서강대학교)",대학원,37.5510761566812,126.94228584484728
서강대학교 언론대학원,"서울특별시 마포구 백범로 35 (신수동, 서강대학교)",대학원,37.5510761566812,126.94228584484728
서강대학교 신학대학원,"서울특별시 마포구 백범로 35 (신수동, 서강대학교)",대학원,37.5510761566812,126.94228584484728
서강대학교 국제대학원,"서울특별시 마포구 백범로 35 (신수동, 서강대학교)",대학원,37.5510761566812,126.94228584484728
서강대학교 정보통신대학원,"서울특별시 마포구 백범로 35 (신수동, 서강대학교)",대학원,37.5510761566812,126.94228584484728
서강대학교 영상대학원,"서울특별시 마포구 백범로 35 (신수동, 서강대학교)",대학원,37.5510761566812,126.94228584484728
서강대학교 경영전문대학원,"서울특별시 마포구 백범로 35 (신수동, 서강대학교)",대학원,37.5510761566812,126.94228584484728
서강대학교 법학전문대학원,"서울특별시 마포구 백범로 35 (신수동, 서강대학교)",대학원,37.5510761566812,126.94228584484728
서강대학교 기술경영전문대학원,"서울특별시 마포구 백범로 35 (신수동, 서강대학교)",대학원,37.5510761566812,126.94228584484728
서강대학교 미디어커뮤니케이션대학원,서울특별시 마포구 백범로 35(신수동),대학원,37.55146719604017,126.94301880397664
서강대학교 메타버스전문대학원,서울특별시 마포구 백범로 35(신수동),대학원,37.55146719604017,126.94301880397664
홍익대학교 영상 커뮤니케이션대학원,서울특별시 마포구 와우산로 94 (상수동),대학원,37.55251645811143,126.92498752102463
홍익대학교,"서울특별시 마포구 와우산로 94 (상수동, 홍익대학교)",대학,37.54949579015752,126.92475034869231
홍익대학교 대학원,"서울특별시 마포구 와우산로 94 (상수동, 홍익대학교)",대학원,37.54949579015752,126.92475034869231
홍익대학교 산업미술대학원,"서울특별시 마포구 와우산로 94 (상수동, 홍익대학교)",대학원,37.54949579015752,126.92475034869231
홍익대학교 건축도시대학원,"서울특별시 마포구 와우산로 94 (상수동, 홍익대학교)",대학원,37.54949579015752,126.92475034869231
홍익대학교 교육대학원,"서울특별시 마포구 와우산로 94 (상수동, 홍익대학교)",대학원,37.54949579015752,126.92475034869231
홍익대학교 경영대학원,"서울특별시 마포구 와우산로 94 (상수동, 홍익대학교)",대학원,37.54949579015752,126.92475034869231
홍익대학교 광고홍보대학원,"서울특별시 마포구 와우산로 94 (상수동, 홍익대학교)",대학원,37.54949579015752,126.92475034869231
홍익대학교 교육경영관리대학원,"서울특별시 마포구 와우산로 94 (상수동, 홍익대학교)",대학원,37.54949579015752,126.92475034869231
홍익대학교 미술대학원,"서울특별시 마포구 와우산로 94 (상수동, 홍익대학교)",대학원,37.54949579015752,126.92475034869231
홍익대학교 영상대학원,"서울특별시 마포구 와우산로 94 (상수동, 홍익대학교)",대학원,37.54949579015752,126.92475034869231
홍익대학교 국제디자인전문대학원,"서울특별시 마포구 와우산로 94 (상수동, 홍익대학교)",대학원,37.54949579015752,126.92475034869231
홍익대학교 공연예술대학원,"서울특별시 마포구 와우산로 94 (상수동, 홍익대학교)",대학원,37.54949579015752,126.92475034869231
홍익대학교 디자인콘텐츠대학원,"서울특별시 마포구 와우산로 94 (상수동, 홍익대학교)",대학원,37.54949579015752,126.92475034869231
홍익대학교 패션대학원,"서울특별시 마포구 와우산로 94 (상수동, 홍익대학교)",대학원,37.54949579015752,126.92475034869231
홍익대학교 문화예술경영대학원,"서울특별시 마포구 와우산로 94 (상수동, 홍익대학교)",대학원,37.54949579015752,126.92475034869231
명지전문대학,"서울특별시 서대문구 가좌로 134 (홍은동, 명지전문대학)",전문대학,37.58536484886103,126.92568634166898
서울여자간호대학교,"서울특별시 서대문구 간호대로 38 (홍제동, 서울여자간호대학교)",전문대학,37.59752760339421,126.94721820337934
명지대학교 통합치료대학원,서울특별시 서대문구 거북골로 34 (남가좌동),대학원,37.580112061045774,126.92425438458682
명지대학교,"서울특별시 서대문구 거북골로 34 (남가좌동, 명지대학교)",대학,37.579545339665806,126.9226392215472
명지대학교 사회교육대학원,"서울특별시 서대문구 거북골로 34 (남가좌동, 명지대학교)",대학원,37.579545339665806,126.9226392215472
명지대학교 교육대학원,"서울특별시 서대문구 거북골로 34 (남가좌동, 명지대학교)",대학원,37.579545339665806,126.9226392215472
명지대학교 기록과학대학원,"서울특별시 서대문구 거북골로 34 (남가좌동, 명지대학교)",대학원,37.579545339665806,126.9226392215472
명지대학교 문화예술대학원,"서울특별시 서대문구 거북골로 34 (남가좌동, 명지대학교)",대학원,37.579545339665806,126.9226392215472
명지대학교 사회복지대학원,"서울특별시 서대문구 거북골로 34 (남가좌동, 명지대학교)",대학원,37.579545339665806,126.9226392215472
명지대학교 부동산ㆍ유통경영대학원,"서울특별시 서대문구 거북골로 34 (남가좌동, 명지대학교)",대학원,37.579545339665806,126.9226392215472
명지대학교 기록정보과학전문대학원,"서울특별시 서대문구 거북골로 34 (남가좌동, 명지대학교)",대학원,37.579545339665806,126.9226392215472
명지대학교 경영대학원,"서울특별시 서대문구 거북골로 34 (남가좌동, 명지대학교)",대학원,37.579545339665806,126.9226392215472
명지대학교 부동산대학원,"서울특별시 서대문구 거북골로 34 (남가좌동, 명지대학교)",대학원,37.579545339665806,126.9226392215472
경기대학교,"서울특별시 서대문구 경기대로9길 24 (충정로2가, 경기대학교)",대학,37.56519361066592,126.96222268394632
경기대학교 일반대학원,"서울특별시 서대문구 경기대로9길 24 (충정로2가, 경기대학교)",대학원,37.56519361066592,126.96222268394632
경기대학교 서비스경영전문대학원,"서울특별시 서대문구 경기대로9길 24 (충정로2가, 경기대학교)",대학원,37.56519361066592,126.96222268394632
경기대학교 국제ㆍ문화대학원,"서울특별시 서대문구 경기대로9길 24 (충정로2가, 경기대학교)",대학원,37.56519361066592,126.96222268394632
경기대학교 관광전문대학원,"서울특별시 서대문구 경기대로9길 24 (충정로2가, 경기대학교)",대학원,37.56519361066592,126.96222268394632
경기대학교 건축전문대학원,"서울특별시 서대문구 경기대로9길 24 (충정로2가, 경기대학교)",대학원,37.56519361066592,126.96222268394632
경기대학교 대체의학대학원,"서울특별시 서대문구 경기대로9길 24 (충정로2가, 경기대학교)",대학원,37.56519361066592,126.96222268394632
경기대학교 정치전문대학원,"서울특별시 서대문구 경기대로9길 24 (충정로2가, 경기대학교)",대학원,37.56519361066592,126.96222268394632
경기대학교 사회복지대학원,"서울특별시 서대문구 경기대로9길 24 (충정로2가, 경기대학교)",대학원,37.56519361066592,126.96222268394632
경기대학교 건축대학원,"서울특별시 서대문구 경기대로9길 24 (충정로2가, 경기대학교)",대학원,37.56519361066592,126.96222268394632
경기대학교 문화예술대학원,"서울특별시 서대문구 경기대로9길 24 (충정로2가, 경기대학교)",대학원,37.56519361066592,126.96222268394632
경기대학교 한류문화대학원,"서울특별시 서대문구 경기대로9길 24 (충정로2가, 경기대학교)",대학원,37.56519361066592,126.96222268394632
감리교신학대학교,"서울특별시 서대문구 독립문로 56 (냉천동, 감리교신학대학)",대학,37.56741084979085,126.96220674361568
감리교신학대학교 대학원,"서울특별시 서대문구 독립문로 56 (냉천동, 감리교신학대학)",대학원,37.56741084979085,126.96220674361568
감리교신학대학교 신학대학원,"서울특별시 서대문구 독립문로 56 (냉천동, 감리교신학대학)",대학원,37.56741084979085,126.96220674361568
감리교신학대학교 목회신학대학원,"서울특별시 서대문구 독립문로 56 (냉천동, 감리교신학대학)",대학원,37.56741084979085,126.96220674361568
추계예술대학교,"서울특별시 서대문구 북아현로11가길 7 (북아현동, 추계예술대학교)",대학,37.56177940142904,126.95282674716682
추계예술대학교 교육대학원,"서울특별시 서대문구 북아현로11가길 7 (북아현동, 추계예술대학교)",대학원,37.56177940142904,126.95282674716682
추계예술대학교 일반대학원,"서울특별시 서대문구 북아현로11가길 7 (북아현동, 추계예술대학교)",대학원,37.56177940142904,126.95282674716682
추계예술대학교 문화예술경영대학원,"서울특별시 서대문구 북아현로11가길 7 (북아현동, 추계예술대학교)",대학원,37.56177940142904,126.95282674716682
연세대학교 대학원,"서울특별시 서대문구 연세로 50 (신촌동, 연세대학교)",대학원,37.57456848048871,126.9391662867022
연세대학교,"서울특별시 서대문구 연세로 50 (신촌동, 연세대학교)",대학,37.57456848048871,126.9391662867022
연세대학교 연합신학대학원,"서울특별시 서대문구 연세로 50 (신촌동, 연세대학교)",대학원,37.57456848048871,126.9391662867022
연세대학교 경영전문대학원,"서울특별시 서대문구 연세로 50 (신촌동, 연세대학교)",대학원,37.57456848048871,126.9391662867022
연세대학교 교육대학원,"서울특별시 서대문구 연세로 50 (신촌동, 연세대학교)",대학원,37.57456848048871,126.9391662867022
연세대학교 행정대학원,"서울특별시 서대문구 연세로 50 (신촌동, 연세대학교)",대학원,37.57456848048871,126.9391662867022
연세대학교 공학대학원,"서울특별시 서대문구 연세로 50 (신촌동, 연세대학교)",대학원,37.57456848048871,126.9391662867022
연세대학교 보건대학원,"서울특별시 서대문구 연세로 50 (신촌동, 연세대학교)",대학원,37.57456848048871,126.9391662867022
연세대학교 국제학대학원,"서울특별시 서대문구 연세로 50 (신촌동, 연세대학교)",대학원,37.57456848048871,126.9391662867022
연세대학교 언론홍보대학원,"서울특별시 서대문구 연세로 50 (신촌동, 연세대학교)",대학원,37.57456848048871,126.9391662867022
연세대학교 법무대학원,"서울특별시 서대문구 연세로 50 (신촌동, 연세대학교)",대학원,37.57456848048871,126.9391662867022
연세대학교 생활환경대학원,"서울특별시 서대문구 연세로 50 (신촌동, 연세대학교)",대학원,37.57456848048871,126.9391662867022
연세대학교 경제대학원,"서울특별시 서대문구 연세로 50 (신촌동, 연세대학교)",대학원,37.57456848048871,126.9391662867022
연세대학교 정보대학원,"서울특별시 서대문구 연세로 50 (신촌동, 연세대학교)",대학원,37.57456848048871,126.9391662867022
연세대학교 커뮤니케이션대학원,"서울특별시 서대문구 연세로 50 (신촌동, 연세대학교)",대학원,37.57456848048871,126.9391662867022
연세대학교 사회복지대학원,"서울특별시 서대문구 연세로 50 (신촌동, 연세대학교)",대학원,37.57456848048871,126.9391662867022
연세대학교 간호대학원,"서울특별시 서대문구 연세로 50 (신촌동, 연세대학교)",대학원,37.57456848048871,126.9391662867022
연세대학교 의학전문대학원,"서울특별시 서대문구 연세로 50 (신촌동, 연세대학교)",대학원,37.57456848048871,126.9391662867022
연세대학교 치의학전문대학원,"서울특별시 서대문구 연세로 50 (신촌동, 연세대학교)",대학원,37.57456848048871,126.9391662867022
연세대학교 법학전문대학원,"서울특별시 서대문구 연세로 50 (신촌동, 연세대학교)",대학원,37.57456848048871,126.9391662867022
이화여자대학교 임상바이오헬스대학원,서울특별시 서대문구 이화여대길 52 (대현동),대학원,37.56439568334477,126.94753105460543
이화여자대학교,"서울특별시 서대문구 이화여대길 52 (대현동, 이화여자대학교)",대학,37.56434499330394,126.9482561057385
이화여자대학교 대학원,"서울특별시 서대문구 이화여대길 52 (대현동, 이화여자대학교)",대학원,37.56434499330394,126.9482561057385
이화여자대학교 교육대학원,"서울특별시 서대문구 이화여대길 52 (대현동, 이화여자대학교)",대학원,37.56434499330394,126.9482561057385
이화여자대학교 디자인대학원,"서울특별시 서대문구 이화여대길 52 (대현동, 이화여자대학교)",대학원,37.56434499330394,126.9482561057385
이화여자대학교 사회복지대학원,"서울특별시 서대문구 이화여대길 52 (대현동, 이화여자대학교)",대학원,37.56434499330394,126.9482561057385
이화여자대학교 국제대학원,"서울특별시 서대문구 이화여대길 52 (대현동, 이화여자대학교)",대학원,37.56434499330394,126.9482561057385
이화여자대학교 통역번역대학원,"서울특별시 서대문구 이화여대길 52 (대현동, 이화여자대학교)",대학원,37.56434499330394,126.9482561057385
이화여자대학교 신학대학원,"서울특별시 서대문구 이화여대길 52 (대현동, 이화여자대학교)",대학원,37.56434499330394,126.9482561057385
이화여자대학교 정책과학대학원,"서울특별시 서대문구 이화여대길 52 (대현동, 이화여자대학교)",대학원,37.56434499330394,126.9482561057385
이화여자대학교 공연예술대학원,"서울특별시 서대문구 이화여대길 52 (대현동, 이화여자대학교)",대학원,37.56434499330394,126.9482561057385
이화여자대학교 임상치의학대학원,"서울특별시 서대문구 이화여대길 52 (대현동, 이화여자대학교)",대학원,37.56434499330394,126.9482561057385
이화여자대학교 경영전문대학원,"서울특별시 서대문구 이화여대길 52 (대현동, 이화여자대학교)",대학원,37.56434499330394,126.9482561057385
이화여자대학교 의학전문대학원,"서울특별시 서대문구 이화여대길 52 (대현동, 이화여자대학교)",대학원,37.56434499330394,126.9482561057385
이화여자대학교 법학전문대학원,"서울특별시 서대문구 이화여대길 52 (대현동, 이화여자대학교)",대학원,37.56434499330394,126.9482561057385
이화여자대학교 외국어교육특수대학원,"서울특별시 서대문구 이화여대길 52 (대현동, 이화여자대학교)",대학원,37.56434499330394,126.9482561057385
이화여자대학교 임상보건융합대학원,"서울특별시 서대문구 이화여대길 52 (대현동, 이화여자대학교)",대학원,37.56434499330394,126.9482561057385
이화여자대학교 데이터사이언스대학원,서울특별시 서대문구 이화여대길 52(대현동),대학원,37.56439568334477,126.94753105460543
디지털서울문화예술대학교,"서울특별시 서대문구 통일로37길 60 (홍제동, 디지털서울문화예술대학교)",대학,37.58544293559785,126.9438757209626
호서대학교 벤처대학원,서울특별시 서초구 남부순환로 2497 (서초동),대학원,37.48354190562464,127.02354795674572
호서대학교 글로벌창업대학원,서울특별시 서초구 남부순환로 2497 (서초동),대학원,37.48354190562464,127.02354795674572
가톨릭대학교 보건대학원,"서울특별시 서초구 반포대로 222 (반포동, 가톨릭대학교성의교정)",대학원,37.50293108190334,127.0062164458179
가톨릭대학교,"서울특별시 서초구 반포대로 222 (반포동, 가톨릭대학교성의교정)",대학,37.50293108190334,127.0062164458179
가톨릭대학교 일반대학원,"서울특별시 서초구 반포대로 222 (반포동, 가톨릭대학교성의교정)",대학원,37.50293108190334,127.0062164458179
가톨릭대학교 의료경영대학원,"서울특별시 서초구 반포대로 222 (반포동, 가톨릭대학교성의교정)",대학원,37.50293108190334,127.0062164458179
가톨릭대학교 임상치과학대학원,"서울특별시 서초구 반포대로 222 (반포동, 가톨릭대학교성의교정)",대학원,37.50293108190334,127.0062164458179
가톨릭대학교 임상간호대학원,"서울특별시 서초구 반포대로 222 (반포동, 가톨릭대학교성의교정)",대학원,37.50293108190334,127.0062164458179
가톨릭대학교 생명대학원,"서울특별시 서초구 반포대로 222 (반포동, 가톨릭대학교성의교정)",대학원,37.50293108190334,127.0062164458179
가톨릭대학교 의학전문대학원,"서울특별시 서초구 반포대로 222 (반포동, 가톨릭대학교성의교정)",대학원,37.50293108190334,127.0062164458179
가톨릭대학교 보건의료경영대학원,서울특별시 서초구 반포대로 222(반포동),대학원,37.50238876841785,127.0058579777578
호서대학교 벤처전문대학원,서울특별시 서초구 반포대로 9 (서초동),대학원,37.48138681138588,127.01229630803113
백석대학교 신학대학원,"서울특별시 서초구 방배로9길 15 (방배동, 목양동백석대학교)",대학원,37.4804582383355,126.99720291949734
백석대학교 보건복지대학원,"서울특별시 서초구 방배로9길 15 (방배동, 목양동백석대학교)",대학원,37.4804582383355,126.99720291949734
백석대학교 기독교전문대학원,"서울특별시 서초구 방배로9길 15 (방배동, 목양동백석대학교)",대학원,37.4804582383355,126.99720291949734
백석대학교 상담대학원,"서울특별시 서초구 방배로9길 15 (방배동, 목양동백석대학교)",대학원,37.4804582383355,126.99720291949734
백석대학교 교육대학원,"서울특별시 서초구 방배로9길 15 (방배동, 목양동백석대학교)",대학원,37.4804582383355,126.99720291949734
백석대학교 실천신학대학원,"서울특별시 서초구 방배로9길 15 (방배동, 목양동백석대학교)",대학원,37.4804582383355,126.99720291949734
백석대학교 문화예술대학원,"서울특별시 서초구 방배로9길 15 (방배동, 목양동백석대학교)",대학원,37.4804582383355,126.99720291949734
백석대학교 음악대학원,"서울특별시 서초구 방배로9길 15 (방배동, 목양동백석대학교)",대학원,37.4804582383355,126.99720291949734
서울교육대학교,"서울특별시 서초구 서초중앙로 96 (서초동, 서울교육대학교)",대학,37.48861704083375,127.01480574134229
서울교육대학교 교육대학원,"서울특별시 서초구 서초중앙로 96 (서초동, 서울교육대학교)",대학원,37.48861704083375,127.01480574134229
서울교육대학교 교육전문대학원,"서울특별시 서초구 서초중앙로 96 (서초동, 서울교육대학교)",대학원,37.48861704083375,127.01480574134229
한양여자대학교,"서울특별시 성동구 살곶이길 200 (사근동, 한양여자대학)",전문대학,37.55913416205157,127.04999151947908
한양사이버대학교 미래융합공학대학원,서울특별시 성동구 왕십리로 220 (행당동),대학원,37.55717776997353,127.0475124373285
한양사이버대학교 경영전문대학원,서울특별시 성동구 왕십리로 220 (행당동),대학원,37.55717776997353,127.0475124373285
한양사이버대학교 대학원,서울특별시 성동구 왕십리로 220 (행당동),대학원,37.55717776997353,127.0475124373285
한양사이버대학교,"서울특별시 성동구 왕십리로 220 (행당동, 한양사이버대학교)",대학,37.55717776997353,127.0475124373285
한양사이버대학교 경영대학원,"서울특별시 성동구 왕십리로 220 (행당동, 한양사이버대학교)",대학원,37.55717776997353,127.0475124373285
한양사이버대학교 부동산대학원,"서울특별시 성동구 왕십리로 220 (행당동, 한양사이버대학교)",대학원,37.55717776997353,127.0475124373285
한양사이버대학교 휴먼서비스대학원,"서울특별시 성동구 왕십리로 220 (행당동, 한양사이버대학교)",대학원,37.55717776997353,127.0475124373285
한양사이버대학교 교육정보대학원,"서울특별시 성동구 왕십리로 220 (행당동, 한양사이버대학교)",대학원,37.55717776997353,127.0475124373285
한양사이버대학교 디자인대학원,"서울특별시 성동구 왕십리로 220 (행당동, 한양사이버대학교)",대학원,37.55717776997353,127.0475124373285
한양대학교 임상간호대학원,서울특별시 성동구 왕십리로 222 (사근동),대학원,37.55941625614234,127.04598170258711
한양대학교 인공지능융합대학원,서울특별시 성동구 왕십리로 222 (사근동),대학원,37.55941625614234,127.04598170258711
한양대학교 상담심리대학원,"서울특별시 성동구 왕십리로 222 (사근동, 사범대학)",대학원,37.55818700548834,127.04509470855749
한양대학교,"서울특별시 성동구 왕십리로 222 (사근동, 한양대학교)",대학,37.55449725875651,127.04660027154166
한양대학교 대학원,"서울특별시 성동구 왕십리로 222 (사근동, 한양대학교)",대학원,37.55449725875651,127.04660027154166
한양대학교 경영대학원,"서울특별시 성동구 왕십리로 222 (사근동, 한양대학교)",대학원,37.55449725875651,127.04660027154166
한양대학교 공학대학원,"서울특별시 성동구 왕십리로 222 (사근동, 한양대학교)",대학원,37.55449725875651,127.04660027154166
한양대학교 공공정책대학원,"서울특별시 성동구 왕십리로 222 (사근동, 한양대학교)",대학원,37.55449725875651,127.04660027154166
한양대학교 교육대학원,"서울특별시 성동구 왕십리로 222 (사근동, 한양대학교)",대학원,37.55449725875651,127.04660027154166
한양대학교 언론정보대학원,"서울특별시 성동구 왕십리로 222 (사근동, 한양대학교)",대학원,37.55449725875651,127.04660027154166
한양대학교 국제학대학원,"서울특별시 성동구 왕십리로 222 (사근동, 한양대학교)",대학원,37.55449725875651,127.04660027154166
한양대학교 도시대학원,"서울특별시 성동구 왕십리로 222 (사근동, 한양대학교)",대학원,37.55449725875651,127.04660027154166
한양대학교 국제관광대학원,"서울특별시 성동구 왕십리로 222 (사근동, 한양대학교)",대학원,37.55449725875651,127.04660027154166
한양대학교 임상간호정보대학원,"서울특별시 성동구 왕십리로 222 (사근동, 한양대학교)",대학원,37.55449725875651,127.04660027154166
한양대학교 경영전문대학원,"서울특별시 성동구 왕십리로 222 (사근동, 한양대학교)",대학원,37.55449725875651,127.04660027154166
한양대학교 법학전문대학원,"서울특별시 성동구 왕십리로 222 (사근동, 한양대학교)",대학원,37.55449725875651,127.04660027154166
한양대학교 의학전문대학원,"서울특별시 성동구 왕십리로 222 (사근동, 한양대학교)",대학원,37.55449725875651,127.04660027154166
한양대학교 기술경영전문대학원,"서울특별시 성동구 왕십리로 222 (사근동, 한양대학교)",대학원,37.55449725875651,127.04660027154166
한양대학교 의생명공학전문대학원,"서울특별시 성동구 왕십리로 222 (사근동, 한양대학교)",대학원,37.55449725875651,127.04660027154166
한양대학교 부동산융합대학원,"서울특별시 성동구 왕십리로 222 (사근동, 한양대학교)",대학원,37.55449725875651,127.04660027154166
한양대학교 보건대학원,"서울특별시 성동구 왕십리로 222 (사근동, 한양대학교)",대학원,37.55449725875651,127.04660027154166
고려대학교 보건대학원,서울특별시 성북구 고려대로 73 (안암동5가),대학원,37.58815706165625,127.02681227057376
고려대학교 임상치의학대학원,서울특별시 성북구 고려대로 73(안암동5가),대학원,37.58815706165625,127.02681227057376
성신여자대학교,"서울특별시 성북구 보문로34다길 2 (돈암동, 성신여자대학교)",대학,37.591644448392,127.02213469343754
성신여자대학교 대학원,"서울특별시 성북구 보문로34다길 2 (돈암동, 성신여자대학교)",대학원,37.591644448392,127.02213469343754
성신여자대학교 융합디자인예술대학원,"서울특별시 성북구 보문로34다길 2 (돈암동, 성신여자대학교)",대학원,37.591644448392,127.02213469343754
성신여자대학교 교육대학원,"서울특별시 성북구 보문로34다길 2 (돈암동, 성신여자대학교)",대학원,37.591644448392,127.02213469343754
성신여자대학교 문화산업대학원,"서울특별시 성북구 보문로34다길 2 (돈암동, 성신여자대학교)",대학원,37.591644448392,127.02213469343754
성신여자대학교 생애복지대학원,"서울특별시 성북구 보문로34다길 2 (돈암동, 성신여자대학교)",대학원,37.591644448392,127.02213469343754
성신여자대학교 문화산업예술대학원,"서울특별시 성북구 보문로34다길 2 (돈암동, 성신여자대학교)",대학원,37.591644448392,127.02213469343754
성신여자대학교 뷰티융합대학원,"서울특별시 성북구 보문로34다길 2 (돈암동, 성신여자대학교)",대학원,37.591644448392,127.02213469343754
성신여자대학교 AI세무 회계대학원,서울특별시 성북구 보문로34다길 2(돈암동),대학원,37.59324494373196,127.02117295049317
한성대학교,"서울특별시 성북구 삼선교로16길 116 (삼선동2가, 한성대학교)",대학,37.58323182102031,127.01038681589668
한성대학교 경영대학원,"서울특별시 성북구 삼선교로16길 116 (삼선동2가, 한성대학교)",대학원,37.58323182102031,127.01038681589668
한성대학교 행정대학원,"서울특별시 성북구 삼선교로16길 116 (삼선동2가, 한성대학교)",대학원,37.58323182102031,127.01038681589668
한성대학교 일반대학원,"서울특별시 성북구 삼선교로16길 116 (삼선동2가, 한성대학교)",대학원,37.58323182102031,127.01038681589668
한성대학교 예술대학원,"서울특별시 성북구 삼선교로16길 116 (삼선동2가, 한성대학교)",대학원,37.58323182102031,127.01038681589668
한성대학교 부동산대학원,"서울특별시 성북구 삼선교로16길 116 (삼선동2가, 한성대학교)",대학원,37.58323182102031,127.01038681589668
한성대학교 교육대학원,"서울특별시 성북구 삼선교로16길 116 (삼선동2가, 한성대학교)",대학원,37.58323182102031,127.01038681589668
한성대학교 지식서비스&컨설팅대학원,"서울특별시 성북구 삼선교로16길 116 (삼선동2가, 한성대학교)",대학원,37.58323182102031,127.01038681589668
한성대학교 국방과학대학원,"서울특별시 성북구 삼선교로16길 116 (삼선동2가, 한성대학교)",대학원,37.58323182102031,127.01038681589668
서경대학교 실용음악대학원,서울특별시 성북구 서경로 124 (정릉동),대학원,37.61541389075671,127.01356380093118
서경대학교 국제융합대학원,서울특별시 성북구 서경로 124 (정릉동),대학원,37.61541389075671,127.01356380093118
서경대학교 융합대학원,서울특별시 성북구 서경로 124 (정릉동),대학원,37.61541389075671,127.01356380093118
서경대학교 일반대학원,"서울특별시 성북구 서경로 124 (정릉동, 서경대학교)",대학원,37.61541389075671,127.01356380093118
서경대학교,"서울특별시 성북구 서경로 124 (정릉동, 서경대학교)",대학,37.61541389075671,127.01356380093118
서경대학교 미용예술대학원,"서울특별시 성북구 서경로 124 (정릉동, 서경대학교)",대학원,37.61541389075671,127.01356380093118
서경대학교 경영대학원,"서울특별시 성북구 서경로 124 (정릉동, 서경대학교)",대학원,37.61541389075671,127.01356380093118
서경대학교 경영문화대학원,"서울특별시 성북구 서경로 124 (정릉동, 서경대학교)",대학원,37.61541389075671,127.01356380093118
고려대학교 교육대학원,서울특별시 성북구 안암로 145 (안암동5가),대학원,37.58696436737921,127.03286819220143
고려대학교 SW AI융합대학원,서울특별시 성북구 안암로 145 (안암동5가),대학원,37.58696436737921,127.03286819220143
고려대학교 에너지환경대학원(그린스쿨),서울특별시 성북구 안암로 145 (안암동5가),대학원,37.58696436737921,127.03286819220143
고려대학교 개인정보보호대학원,서울특별시 성북구 안암로 145 (안암동5가),대학원,37.58696436737921,127.03286819220143
고려대학교 융합데이터과학대학원,서울특별시 성북구 안암로 145 (안암동5가),대학원,37.58696436737921,127.03286819220143
고려대학교,"서울특별시 성북구 안암로 145 (안암동5가, 고려대학교안암캠퍼스(인문사회계))",대학,37.590590060498194,127.03344586752358
고려대학교 대학원,"서울특별시 성북구 안암로 145 (안암동5가, 고려대학교안암캠퍼스(인문사회계))",대학원,37.590590060498194,127.03344586752358
고려대학교 경영전문대학원,"서울특별시 성북구 안암로 145 (안암동5가, 고려대학교안암캠퍼스(인문사회계))",대학원,37.590590060498194,127.03344586752358
고려대학교 생명환경과학대학원,"서울특별시 성북구 안암로 145 (안암동5가, 고려대학교안암캠퍼스(인문사회계))",대학원,37.590590060498194,127.03344586752358
고려대학교 정책대학원,"서울특별시 성북구 안암로 145 (안암동5가, 고려대학교안암캠퍼스(인문사회계))",대학원,37.590590060498194,127.03344586752358
고려대학교 공학대학원,"서울특별시 성북구 안암로 145 (안암동5가, 고려대학교안암캠퍼스(인문사회계))",대학원,37.590590060498194,127.03344586752358
고려대학교 국제대학원,"서울특별시 성북구 안암로 145 (안암동5가, 고려대학교안암캠퍼스(인문사회계))",대학원,37.590590060498194,127.03344586752358
고려대학교 언론대학원,"서울특별시 성북구 안암로 145 (안암동5가, 고려대학교안암캠퍼스(인문사회계))",대학원,37.590590060498194,127.03344586752358
고려대학교 노동대학원,"서울특별시 성북구 안암로 145 (안암동5가, 고려대학교안암캠퍼스(인문사회계))",대학원,37.590590060498194,127.03344586752358
고려대학교 컴퓨터정보통신대학원,"서울특별시 성북구 안암로 145 (안암동5가, 고려대학교안암캠퍼스(인문사회계))",대학원,37.590590060498194,127.03344586752358
고려대학교 법무대학원,"서울특별시 성북구 안암로 145 (안암동5가, 고려대학교안암캠퍼스(인문사회계))",대학원,37.590590060498194,127.03344586752358
고려대학교 정보경영공학전문대학원,"서울특별시 성북구 안암로 145 (안암동5가, 고려대학교안암캠퍼스(인문사회계))",대학원,37.590590060498194,127.03344586752358
고려대학교 정보보호대학원,"서울특별시 성북구 안암로 145 (안암동5가, 고려대학교안암캠퍼스(인문사회계))",대학원,37.590590060498194,127.03344586752358
고려대학교 법학전문대학원,"서울특별시 성북구 안암로 145 (안암동5가, 고려대학교안암캠퍼스(인문사회계))",대학원,37.590590060498194,127.03344586752358
고려대학교 의학전문대학원,"서울특별시 성북구 안암로 145 (안암동5가, 고려대학교안암캠퍼스(인문사회계))",대학원,37.590590060498194,127.03344586752358
고려대학교 그린스쿨(에너지환경정책기술,"서울특별시 성북구 안암로 145 (안암동5가, 고려대학교안암캠퍼스(인문사회계))",대학원,37.590590060498194,127.03344586752358
고려대학교 KU-KIST융합대학원,"서울특별시 성북구 안암로 145 (안암동5가, 고려대학교안암캠퍼스(인문사회계))",대학원,37.590590060498194,127.03344586752358
고려대학교 미디어대학원,"서울특별시 성북구 안암로 145 (안암동5가, 고려대학교안암캠퍼스(인문사회계))",대학원,37.590590060498194,127.03344586752358
고려대학교 기술경영전문대학원,"서울특별시 성북구 안암로 145 (안암동5가, 고려대학교안암캠퍼스)",대학원,37.58791003944734,127.03268105527432
고려대학교 심리융합과학대학원,서울특별시 성북구 안암로 145(안암동5가),대학원,37.58696436737921,127.03286819220143
국민대학교 자동차모빌리티대학원,서울특별시 성북구 정릉로 77 (정릉동),대학원,37.612243100710025,126.99682685179438
국민대학교 글로벌평화 통일대학원,서울특별시 성북구 정릉로 77 (정릉동),대학원,37.612243100710025,126.99682685179438
국민대학교,"서울특별시 성북구 정릉로 77 (정릉동, 국민대학교)",대학,37.61028537190572,126.9985168907286
국민대학교 대학원,"서울특별시 성북구 정릉로 77 (정릉동, 국민대학교)",대학원,37.61028537190572,126.9985168907286
국민대학교 교육대학원,"서울특별시 성북구 정릉로 77 (정릉동, 국민대학교)",대학원,37.61028537190572,126.9985168907286
국민대학교 경영대학원,"서울특별시 성북구 정릉로 77 (정릉동, 국민대학교)",대학원,37.61028537190572,126.9985168907286
국민대학교 행정대학원,"서울특별시 성북구 정릉로 77 (정릉동, 국민대학교)",대학원,37.61028537190572,126.9985168907286
국민대학교 공학대학원,"서울특별시 성북구 정릉로 77 (정릉동, 국민대학교)",대학원,37.61028537190572,126.9985168907286
국민대학교 자동차산업대학원,"서울특별시 성북구 정릉로 77 (정릉동, 국민대학교)",대학원,37.61028537190572,126.9985168907286
국민대학교 디자인대학원,"서울특별시 성북구 정릉로 77 (정릉동, 국민대학교)",대학원,37.61028537190572,126.9985168907286
국민대학교 정치대학원,"서울특별시 성북구 정릉로 77 (정릉동, 국민대학교)",대학원,37.61028537190572,126.9985168907286
국민대학교 스포츠산업대학원,"서울특별시 성북구 정릉로 77 (정릉동, 국민대학교)",대학원,37.61028537190572,126.9985168907286
국민대학교 법무대학원,"서울특별시 성북구 정릉로 77 (정릉동, 국민대학교)",대학원,37.61028537190572,126.9985168907286
국민대학교 자동차공학전문대학원,"서울특별시 성북구 정릉로 77 (정릉동, 국민대학교)",대학원,37.61028537190572,126.9985168907286
국민대학교 테크노디자인전문대학원,"서울특별시 성북구 정릉로 77 (정릉동, 국민대학교)",대학원,37.61028537190572,126.9985168907286
국민대학교 비즈니스IT전문대학원,"서울특별시 성북구 정릉로 77 (정릉동, 국민대학교)",대학원,37.61028537190572,126.9985168907286
국민대학교 종합예술대학원,"서울특별시 성북구 정릉로 77 (정릉동, 국민대학교)",대학원,37.61028537190572,126.9985168907286
국민대학교 글로벌 창업벤처대학원,"서울특별시 성북구 정릉로 77 (정릉동, 국민대학교)",대학원,37.61028537190572,126.9985168907286
국민대학교 소프트웨어융합대학원,"서울특별시 성북구 정릉로 77 (정릉동, 국민대학교)",대학원,37.61028537190572,126.9985168907286
동덕여자대학교 미래전략융합대학원,서울특별시 성북구 화랑로13길 60 (하월곡동),대학원,37.60680849249823,127.04117330246346
동덕여자대학교 스타트업대학원,서울특별시 성북구 화랑로13길 60 (하월곡동),대학원,37.60680849249823,127.04117330246346
동덕여자대학교 엔터테인먼트디자인전문대,서울특별시 성북구 화랑로13길 60 (하월곡동),대학원,37.60680849249823,127.04117330246346
동덕여자대학교,"서울특별시 성북구 화랑로13길 60 (하월곡동, 동덕여자대학교)",대학,37.60657678977657,127.04185449670972
동덕여자대학교 문화산업예술대학원,"서울특별시 성북구 화랑로13길 60 (하월곡동, 동덕여자대학교)",대학원,37.60657678977657,127.04185449670972
동덕여자대학교 일반대학원,"서울특별시 성북구 화랑로13길 60 (하월곡동, 동덕여자대학교)",대학원,37.60657678977657,127.04185449670972
동덕여자대학교 디자인대학원,"서울특별시 성북구 화랑로13길 60 (하월곡동, 동덕여자대학교)",대학원,37.60657678977657,127.04185449670972
동덕여자대학교 교육대학원,"서울특별시 성북구 화랑로13길 60 (하월곡동, 동덕여자대학교)",대학원,37.60657678977657,127.04185449670972
동덕여자대학교 공연예술대학원,"서울특별시 성북구 화랑로13길 60 (하월곡동, 동덕여자대학교)",대학원,37.60657678977657,127.04185449670972
동덕여자대학교 패션전문대학원,"서울특별시 성북구 화랑로13길 60 (하월곡동, 동덕여자대학교)",대학원,37.60657678977657,127.04185449670972
동덕여자대학교 미용보건대학원,"서울특별시 성북구 화랑로13길 60 (하월곡동, 동덕여자대학교)",대학원,37.60657678977657,127.04185449670972
동덕여자대학교 국제문화대학원,"서울특별시 성북구 화랑로13길 60 (하월곡동, 동덕여자대학교)",대학원,37.60657678977657,127.04185449670972
동덕여자대학교 비만미용향장대학원,"서울특별시 성북구 화랑로13길 60 (하월곡동, 동덕여자대학교)",대학원,37.60657678977657,127.04185449670972
동덕여자대학교 문화 예술치료대학원,"서울특별시 성북구 화랑로13길 60 (하월곡동, 동덕여자대학교)",대학원,37.60657678977657,127.04185449670972
동덕여자대학교 보건과학대학원,"서울특별시 성북구 화랑로13길 60 (하월곡동, 동덕여자대학교)",대학원,37.60657678977657,127.04185449670972
한국예술종합학교,"서울특별시 성북구 화랑로32길 146-37 (석관동, 한국종합예술학교)",대학,37.60635265900311,127.05393310228754
한국체육대학교,"서울특별시 송파구 양재대로 1239 (방이동, 한국체육대학교)",대학,37.52066195484727,127.13264097633186
한국체육대학교 대학원,"서울특별시 송파구 양재대로 1239 (방이동, 한국체육대학교)",대학원,37.52066195484727,127.13264097633186
한국체육대학교 사회체육대학원,"서울특별시 송파구 양재대로 1239 (방이동, 한국체육대학교)",대학원,37.52066195484727,127.13264097633186
한국체육대학교 교육대학원,"서울특별시 송파구 양재대로 1239 (방이동, 한국체육대학교)",대학원,37.52066195484727,127.13264097633186
한국체육대학교 스포츠융복합대학원,서울특별시 송파구 양재대로 1239(방이동),대학원,37.52013377690015,127.1309121465687
한국폴리텍 I 대학 서울정수캠퍼스,"서울특별시 용산구 보광로 73 (보광동, 한국폴리텍1대학서울정수캠퍼스)",전문대학,37.5299681119791,126.9968141749697
숙명여자대학교 일반대학원,"서울특별시 용산구 청파로47길 100 (청파동2가, 숙명여자대학교)",대학원,37.54627184559772,126.96366048630728
숙명여자대학교 교육대학원,"서울특별시 용산구 청파로47길 100 (청파동2가, 숙명여자대학교)",대학원,37.54627184559772,126.96366048630728
숙명여자대학교 임상약학대학원,"서울특별시 용산구 청파로47길 100 (청파동2가, 숙명여자대학교)",대학원,37.54627184559772,126.96366048630728
숙명여자대학교 국제관계대학원,"서울특별시 용산구 청파로47길 100 (청파동2가, 숙명여자대학교)",대학원,37.54627184559772,126.96366048630728
숙명여자대학교 음악치료대학원,"서울특별시 용산구 청파로47길 100 (청파동2가, 숙명여자대학교)",대학원,37.54627184559772,126.96366048630728
숙명여자대학교 전통문화예술대학원,"서울특별시 용산구 청파로47길 100 (청파동2가, 숙명여자대학교)",대학원,37.54627184559772,126.96366048630728
숙명여자대학교 TESOL 대학원,"서울특별시 용산구 청파로47길 100 (청파동2가, 숙명여자대학교)",대학원,37.54627184559772,126.96366048630728
숙명여자대학교 원격대학원,"서울특별시 용산구 청파로47길 100 (청파동2가, 숙명여자대학교)",대학원,37.54627184559772,126.96366048630728
숙명여자대학교 사회교육대학원,"서울특별시 용산구 청파로47길 100 (청파동2가, 숙명여자대학교)",대학원,37.54627184559772,126.96366048630728
숙명여자대학교 여성인적자원개발대학원,"서울특별시 용산구 청파로47길 100 (청파동2가, 숙명여자대학교)",대학원,37.54627184559772,126.96366048630728
숙명여자대학교 경영전문대학원,"서울특별시 용산구 청파로47길 100 (청파동2가, 숙명여자대학교)",대학원,37.54627184559772,126.96366048630728
숙명여자대학교 라이프스타일디자인대학원,"서울특별시 용산구 청파로47길 100 (청파동2가, 숙명여자대학교)",대학원,37.54627184559772,126.96366048630728
숙명여자대학교 정책산업대학원,"서울특별시 용산구 청파로47길 100 (청파동2가, 숙명여자대학교)",대학원,37.54627184559772,126.96366048630728
숙명여자대학교 호스피탈리티경영전문대학,"서울특별시 용산구 청파로47길 100 (청파동2가, 숙명여자대학교)",대학원,37.54627184559772,126.96366048630728
숙명여자대학교 TESOL 국제학대학원,"서울특별시 용산구 청파로47길 100 (청파동2가, 숙명여자대학교)",대학원,37.54627184559772,126.96366048630728
숙명여자대학교 문화예술대학원,"서울특별시 용산구 청파로47길 100 (청파동2가, 숙명여자대학교)",대학원,37.54627184559772,126.96366048630728
숙명여자대학교 심리치료대학원,"서울특별시 용산구 청파로47길 100 (청파동2가, 숙명여자대학교)",대학원,37.54627184559772,126.96366048630728
숙명여자대학교 인적자원개발대학원,"서울특별시 용산구 청파로47길 100 (청파동2가, 숙명여자대학교)",대학원,37.54627184559772,126.96366048630728
숙명여자대학교 정책대학원,"서울특별시 용산구 청파로47길 100 (청파동2가, 숙명여자대학교)",대학원,37.54627184559772,126.96366048630728
숙명여자대학교,"서울특별시 용산구 청파로47길 90 (청파동2가, 숙명여자대학교)",대학,37.54527928549293,126.9654109080899
서울기독대학교 운동재활복지대학원,서울특별시 은평구 갈현로4길 26-2 (신사동),대학원,37.60075638896783,126.91218899525563
서울기독대학교,"서울특별시 은평구 갈현로4길 26-2 (신사동, 서울기독대학교)",대학,37.60075638896783,126.91218899525563
서울기독대학교 문화산업경영대학원,"서울특별시 은평구 갈현로4길 26-2 (신사동, 서울기독대학교)",대학원,37.60075638896783,126.91218899525563
서울기독대학교 연합신학대학원,"서울특별시 은평구 갈현로4길 26-2 (신사동, 서울기독대학교)",대학원,37.60075638896783,126.91218899525563
서울기독대학교 대학원,"서울특별시 은평구 갈현로4길 26-2 (신사동, 서울기독대학교)",대학원,37.60075638896783,126.91218899525563
서울기독대학교 사회복지대학원,"서울특별시 은평구 갈현로4길 26-2 (신사동, 서울기독대학교)",대학원,37.60075638896783,126.91218899525563
서울기독대학교 신학전문대학원,"서울특별시 은평구 갈현로4길 26-2 (신사동, 서울기독대학교)",대학원,37.60075638896783,126.91218899525563
서울기독대학교 치유상담대학원,"서울특별시 은평구 갈현로4길 26-2 (신사동, 서울기독대학교)",대학원,37.60075638896783,126.91218899525563
서울대학교 치의학대학원,"서울특별시 종로구 대학로 101 (연건동, 서울대학교 치대)",대학원,37.577832446293165,126.99744355893866
서울대학교 의학대학원,"서울특별시 종로구 대학로 103 (연건동, 서울대학교 의과대학)",대학원,37.58055794907615,126.99825200471882
한국방송통신대학교,"서울특별시 종로구 대학로 86 (동숭동, 한국방송통신대학교)",대학,37.57941331690204,127.00252935477889
한국방송통신대학교 대학원,"서울특별시 종로구 대학로 86 (동숭동, 한국방송통신대학교)",대학원,37.57941331690204,127.00252935477889
한국방송통신대학교 경영대학원,"서울특별시 종로구 대학로 86 (동숭동, 한국방송통신대학교)",대학원,37.57941331690204,127.00252935477889
고려사이버대학교,"서울특별시 종로구 북촌로 106 (계동, 고려사이버대학교)",대학,37.58693640015911,126.98705257270416
고려사이버대학교 융합정보대학원,"서울특별시 종로구 북촌로 106 (계동, 고려사이버대학교)",대학원,37.58693640015911,126.98705257270416
덕성여자대학교 교육대학원,"서울특별시 종로구 삼일대로 460 (운니동, 덕성여자대학교 교육, 문화산업대학원)",대학원,37.57547168396073,126.98714254989189
덕성여자대학교 문화산업대학원,"서울특별시 종로구 삼일대로 460 (운니동, 덕성여자대학교 교육, 문화산업대학원)",대학원,37.57547168396073,126.98714254989189
덕성여자대학교 상담산업대학원,서울특별시 종로구 삼일대로 460(운니동),대학원,37.57662979575279,126.98815385284252
숭실사이버대학교,"서울특별시 종로구 삼일대로30길 23 (익선동, BIZWELL종로오피스텔)",대학,37.57446923077342,126.98876884645242
성균관대학교 미디어문화융합대학원,서울특별시 종로구 성균관로 25-2 (명륜3가),대학원,37.58722395970002,126.99311030893158
성균관대학교,"서울특별시 종로구 성균관로 25-2 (명륜3가, 성균관대학교)",대학,37.58722395970002,126.99311030893158
성균관대학교 일반대학원,"서울특별시 종로구 성균관로 25-2 (명륜3가, 성균관대학교)",대학원,37.58722395970002,126.99311030893158
성균관대학교 경영대학원,"서울특별시 종로구 성균관로 25-2 (명륜3가, 성균관대학교)",대학원,37.58722395970002,126.99311030893158
성균관대학교 교육대학원,"서울특별시 종로구 성균관로 25-2 (명륜3가, 성균관대학교)",대학원,37.58722395970002,126.99311030893158
성균관대학교 행정대학원,"서울특별시 종로구 성균관로 25-2 (명륜3가, 성균관대학교)",대학원,37.58722395970002,126.99311030893158
성균관대학교 유학대학원,"서울특별시 종로구 성균관로 25-2 (명륜3가, 성균관대학교)",대학원,37.58722395970002,126.99311030893158
성균관대학교 국가전략대학원,"서울특별시 종로구 성균관로 25-2 (명륜3가, 성균관대학교)",대학원,37.58722395970002,126.99311030893158
성균관대학교 언론정보대학원,"서울특별시 종로구 성균관로 25-2 (명륜3가, 성균관대학교)",대학원,37.58722395970002,126.99311030893158
성균관대학교 정보통신대학원,"서울특별시 종로구 성균관로 25-2 (명륜3가, 성균관대학교)",대학원,37.58722395970002,126.99311030893158
성균관대학교 디자인대학원,"서울특별시 종로구 성균관로 25-2 (명륜3가, 성균관대학교)",대학원,37.58722395970002,126.99311030893158
성균관대학교 경영(전문)대학원,"서울특별시 종로구 성균관로 25-2 (명륜3가, 성균관대학교)",대학원,37.58722395970002,126.99311030893158
성균관대학교 번역 테솔(TESOL)대,"서울특별시 종로구 성균관로 25-2 (명륜3가, 성균관대학교)",대학원,37.58722395970002,126.99311030893158
성균관대학교 생활과학대학원,"서울특별시 종로구 성균관로 25-2 (명륜3가, 성균관대학교)",대학원,37.58722395970002,126.99311030893158
성균관대학교 사회복지대학원,"서울특별시 종로구 성균관로 25-2 (명륜3가, 성균관대학교)",대학원,37.58722395970002,126.99311030893158
성균관대학교 경영대학원(iMBA),"서울특별시 종로구 성균관로 25-2 (명륜3가, 성균관대학교)",대학원,37.58722395970002,126.99311030893158
성균관대학교 국정관리대학원,"서울특별시 종로구 성균관로 25-2 (명륜3가, 성균관대학교)",대학원,37.58722395970002,126.99311030893158
성균관대학교 국정전문대학원,"서울특별시 종로구 성균관로 25-2 (명륜3가, 성균관대학교)",대학원,37.58722395970002,126.99311030893158
성균관대학교 중국대학원,"서울특별시 종로구 성균관로 25-2 (명륜3가, 성균관대학교)",대학원,37.58722395970002,126.99311030893158
성균관대학교 법학전문대학원,"서울특별시 종로구 성균관로 25-2 (명륜3가, 성균관대학교)",대학원,37.58722395970002,126.99311030893158
성균관대학교 글로벌보험연금대학원,"서울특별시 종로구 성균관로 25-2 (명륜3가, 성균관대학교)",대학원,37.58722395970002,126.99311030893158
성균관대학교 문화융합대학원,"서울특별시 종로구 성균관로 25-2 (명륜3가, 성균관대학교)",대학원,37.58722395970002,126.99311030893158
성균관대학교 글로벌창업대학원,"서울특별시 종로구 성균관로 25-2 (명륜3가, 성균관대학교)",대학원,37.58722395970002,126.99311030893158
성균관대학교 무역대학원,서울특별시 종로구 성균관로 25-2(명륜3가),대학원,37.58722395970002,126.99311030893158
가톨릭대학교,"서울특별시 종로구 창경궁로 296-12 (혜화동, 가톨릭대학교성신교정)",대학,37.58489390260035,127.00476945375024
가톨릭대학교 일반대학원,"서울특별시 종로구 창경궁로 296-12 (혜화동, 가톨릭대학교성신교정)",대학원,37.58489390260035,127.00476945375024
가톨릭대학교 교회음악대학원,"서울특별시 종로구 창경궁로 296-12 (혜화동, 가톨릭대학교성신교정)",대학원,37.58489390260035,127.00476945375024
태재대학교,서울특별시 종로구 창덕궁5길 22-8 (원서동),대학,37.58359801776719,126.9883439929776
배화여자대학교,"서울특별시 종로구 필운대로1길 34 (필운동, 배화여자대학)",전문대학,37.57953893697783,126.96728389547576
상명대학교 상담대학원,서울특별시 종로구 홍지문2길 20 (홍지동),대학원,37.60299880231503,126.95498335615888
상명대학교,"서울특별시 종로구 홍지문2길 20 (홍지동, 상명대학교)",대학,37.60418385701837,126.95591502671289
상명대학교 대학원,"서울특별시 종로구 홍지문2길 20 (홍지동, 상명대학교)",대학원,37.60418385701837,126.95591502671289
상명대학교 교육대학원,"서울특별시 종로구 홍지문2길 20 (홍지동, 상명대학교)",대학원,37.60418385701837,126.95591502671289
상명대학교 복지상담대학원,"서울특별시 종로구 홍지문2길 20 (홍지동, 상명대학교)",대학원,37.60418385701837,126.95591502671289
상명대학교 경영대학원,"서울특별시 종로구 홍지문2길 20 (홍지동, 상명대학교)",대학원,37.60418385701837,126.95591502671289
상명대학교 예술디자인대학원,"서울특별시 종로구 홍지문2길 20 (홍지동, 상명대학교)",대학원,37.60418385701837,126.95591502671289
상명대학교 문화기술대학원,"서울특별시 종로구 홍지문2길 20 (홍지동, 상명대학교)",대학원,37.60418385701837,126.95591502671289
상명대학교 통합심리치료대학원,서울특별시 종로구 홍지문2길 20(홍지동),대학원,37.60299880231503,126.95498335615888
숭의여자대학교,"서울특별시 중구 소파로2길 10 (예장동, 숭의여자대학)",전문대학,37.55785180655742,126.98747845938388
동국대학교 행정대학원,"서울특별시 중구 필동로1길 30 (장충동2가, 동국대학교)",대학원,37.558936692279744,126.9987366945672
동국대학교,"서울특별시 중구 필동로1길 30 (장충동2가, 동국대학교)",대학,37.558936692279744,126.9987366945672
동국대학교 대학원,"서울특별시 중구 필동로1길 30 (장충동2가, 동국대학교)",대학원,37.558936692279744,126.9987366945672
동국대학교 법무대학원,"서울특별시 중구 필동로1길 30 (장충동2가, 동국대학교)",대학원,37.558936692279744,126.9987366945672
동국대학교 경영대학원,"서울특별시 중구 필동로1길 30 (장충동2가, 동국대학교)",대학원,37.558936692279744,126.9987366945672
동국대학교 교육대학원,"서울특별시 중구 필동로1길 30 (장충동2가, 동국대학교)",대학원,37.558936692279744,126.9987366945672
동국대학교 언론정보대학원,"서울특별시 중구 필동로1길 30 (장충동2가, 동국대학교)",대학원,37.558936692279744,126.9987366945672
동국대학교 불교대학원,"서울특별시 중구 필동로1길 30 (장충동2가, 동국대학교)",대학원,37.558936692279744,126.9987366945672
동국대학교 산업대학원,"서울특별시 중구 필동로1길 30 (장충동2가, 동국대학교)",대학원,37.558936692279744,126.9987366945672
동국대학교 문화예술대학원,"서울특별시 중구 필동로1길 30 (장충동2가, 동국대학교)",대학원,37.558936692279744,126.9987366945672
동국대학교 국제정보대학원,"서울특별시 중구 필동로1길 30 (장충동2가, 동국대학교)",대학원,37.558936692279744,126.9987366945672
동국대학교 영상대학원(전문),"서울특별시 중구 필동로1길 30 (장충동2가, 동국대학교)",대학원,37.558936692279744,126.9987366945672
동국대학교 영상정보통신대학원,"서울특별시 중구 필동로1길 30 (장충동2가, 동국대학교)",대학원,37.558936692279744,126.9987366945672
동국대학교 경영전문대학원,"서울특별시 중구 필동로1길 30 (장충동2가, 동국대학교)",대학원,37.558936692279744,126.9987366945672
동국대학교 경찰사법대학원,"서울특별시 중구 필동로1길 30 (장충동2가, 동국대학교)",대학원,37.558936692279744,126.9987366945672
동국대학교 국제정보보호대학원,"서울특별시 중구 필동로1길 30 (필동3가, 동국대학교)",대학원,37.558936692279744,126.9987366945672
동국대학교 교육서비스과학대학원,서울특별시 중구 필동로1길 30(필동3가),대학원,37.55817640603183,126.99799452490966
동국대학교 미래융합대학원,서울특별시 중구 필동로1길 30(필동3가),대학원,37.55817640603183,126.99799452490966
한국열린사이버대학교,"서울특별시 중랑구 망우로 353, C동 9층(상봉프레미어스엠코)",대학,37.59833189260876,127.0916135310056
서일대학교,서울특별시 중랑구 용마산로90길 28 (면목동),전문대학,37.58607473511544,127.0971964752055
호서대학교 산학융합대학원,충청남도 당진시 석문면 산단7로 201,대학원,37.00312412258496,126.58404168383728
백석대학교 일반대학원,충청남도 천안시 동남구 백석대학로 1(안서동),대학원,36.83883445870193,127.18251630505
서울하늘숲초등학교,서울특별시 구로구 오리로 1106,초등학교,37.48418114,126.8416517
서울해누리초등학교,서울특별시 송파구 송파대로37길 95,초등학교,37.49824966,127.1021917
서울고일초등학교,서울특별시 강동구 구천면로93길 20,초등학교,37.55154262,127.1694101
서울가락초등학교,서울특별시 송파구 송파대로37길 45,초등학교,37.50002115,127.1076425
서울응암초등학교,서울특별시 은평구 가좌로6길 20,초등학교,37.58875319,126.9216161
서울양원숲초등학교,서울특별시 중랑구 양원역로 95,초등학교,37.60934379,127.1051943
서울일원초등학교,서울특별시 강남구 영동대로4길 20,초등학교,37.48978808,127.0763669
내곡중학교,서울특별시 서초구 청계산로7길 9-20,중학교,37.45200325,127.0544446
연희중학교,서울특별시 서대문구 증가로 170,중학교,37.57958728,126.9187918
서울위례초등학교,서울특별시 강동구 명일로 23 (둔촌동),초등학교,37.52231852,127.1394366
서울우신초등학교,서울특별시 영등포구 신길로 190,초등학교,37.50986472,126.9118637
서울양재초등학교,서울특별시 서초구 바우뫼로18길 14,초등학교,37.47416538,127.0318861
서울정심초등학교,서울특별시 금천구 독산로78다길 89,초등학교,37.47199405,126.9082144
서울돈암초등학교,서울특별시 성북구 동소문로13길 38,초등학교,37.59371444,127.0131036
해누리중학교,서울특별시 송파구 송파대로37길 95,중학교,37.49824464,127.1021919
개포중학교,서울특별시 강남구 선릉로 9,중학교,37.48078757,127.0616268
우촌초등학교,서울특별시 성북구 성북로4길 52-1,초등학교,37.59560791,127.0114325
도선고등학교,서울특별시 성동구 마장로 156,고등학교,37.56684395,127.0269957
서울묘곡초등학교,서울특별시 강동구 동남로79길 46,초등학교,37.55871279,127.1530934
서울천일초등학교,서울특별시 강동구 구천면로 266,초등학교,37.54436122,127.1334367
대진여자고등학교,서울특별시 노원구 공릉로 438,고등학교,37.64617362,127.0671966
서울월천초등학교,서울특별시 도봉구 노해로70길 96,초등학교,37.64804738,127.0517539
서울번동초등학교,서울특별시 강북구 오현로 204,초등학교,37.62900012,127.0400394
대광초등학교,서울특별시 성북구 안암로 5,초등학교,37.57915104,127.0234459
영림중학교,서울특별시 구로구 가마산로27길 17,중학교,37.49721962,126.8906895
염광메디텍고등학교,서울특별시 노원구 월계로45가길 9,고등학교,37.63028445,127.0492646
화계중학교,서울특별시 강북구 화계사길 63,중학교,37.63251806,127.0097091
용문고등학교,서울특별시 성북구 고려대로17가길 46,고등학교,37.58869033,127.0246608
서울영남초등학교,서울특별시 금천구 문성로 62-15,초등학교,37.47612262,126.9092099
서울토성초등학교,서울특별시 송파구 풍성로20길 44,초등학교,37.53188286,127.1156331
서울성북초등학교,서울특별시 성북구 성북로 102-10,초등학교,37.59405389,126.9987754
성동초등학교,서울특별시 광진구 자양로4길 63,초등학교,37.53328137,127.089281
서울영문초등학교,서울특별시 영등포구 문래로 56,초등학교,37.51980741,126.8875891
서울당현초등학교,서울특별시 노원구 동일로213길 52,초등학교,37.64826016,127.0582136
서울관악초등학교,서울특별시 관악구 청룡4길 49,초등학교,37.48102565,126.9425545
서초중학교,서울특별시 서초구 반포대로13길 48,중학교,37.48553868,127.0085193
서울청계초등학교,서울특별시 노원구 공릉로 431,초등학교,37.64503406,127.0661389
덕성여자중학교,서울특별시 종로구 율곡로3길 49,중학교,37.57778598,126.9819235
서울체육고등학교,서울특별시 송파구 강동대로 232,고등학교,37.52233038,127.1298226
서울금옥초등학교,서울특별시 성동구 독서당로 251,초등학교,37.54584824,127.0176012
신월중학교,서울특별시 양천구 남부순환로29길 25,중학교,37.54046194,126.828389
서울경인초등학교,서울특별시 양천구 안양천로 1009,초등학교,37.53287102,126.8856957
일신여자상업고등학교,서울특별시 송파구 송파대로38길 8,고등학교,37.50179413,127.1142413
서울백산초등학교,서울특별시 금천구 시흥대로38길 78,초등학교,37.44673975,126.905146
숭실고등학교,서울특별시 은평구 은평터널로7길 6,고등학교,37.59327482,126.9024039
경희중학교,서울특별시 동대문구 경희대로 26,중학교,37.59394914,127.054891
월계중학교,서울특별시 노원구 월계로45가길 54,중학교,37.63113114,127.0523203
서울홍제초등학교,서울특별시 서대문구 홍은중앙로 13,초등학교,37.59350546,126.9454205
용산고등학교,서울특별시 용산구 두텁바위로 60,고등학교,37.54480263,126.981731
중평중학교,서울특별시 노원구 동일로203길 87,중학교,37.63697638,127.0623933
청담고등학교,서울특별시 강남구 압구정로 419,고등학교,37.52800302,127.0437002
서울이문초등학교,서울특별시 동대문구 신이문로 16,초등학교,37.60189649,127.064885
서울천동초등학교,서울특별시 강동구 성안로 200,초등학교,37.5410159,127.1378287
서울개현초등학교,서울특별시 강남구 선릉로 15,초등학교,37.48078757,127.0616268
환일고등학교,서울특별시 중구 환일길 47,고등학교,37.55360652,126.9628021
경신중학교,서울특별시 종로구 혜화로 74,중학교,37.59220227,126.999531
세종초등학교,서울특별시 광진구 군자로 114,초등학교,37.5530111,127.0728646
서울매봉초등학교,서울특별시 구로구 고척로21길 55,초등학교,37.50491523,126.8443653
수도여자고등학교,서울특별시 동작구 여의대방로10길 73,고등학교,37.49280146,126.9149071
수유중학교,서울특별시 강북구 인수봉로37길 40,중학교,37.6315652,127.0104838
혜화여자고등학교,서울특별시 강북구 인수봉로 127,고등학교,37.63130842,127.013212
한영중학교,서울특별시 강동구 동남로 832,중학교,37.54914056,127.1577731
연천중학교,서울특별시 은평구 연서로41길 30,중학교,37.62754521,126.9258198
서울항동초등학교,서울특별시 구로구 연동로 178,초등학교,37.47701589,126.8241103
서울강덕초등학교,서울특별시 강동구 동남로82길 94-54,초등학교,37.55954748,127.1604836
서울세검정초등학교,서울특별시 종로구 세검정로9길 1,초등학교,37.60346883,126.9609387
명일여자고등학교,서울특별시 강동구 명일로 350,고등학교,37.54977633,127.1495815
서울강빛초등학교,서울특별시 강동구 아리수로93다길 1,초등학교,37.57432025,127.1707749
오산중학교,서울특별시 용산구 보광로7길 17,중학교,37.52358051,127.0008872
성서중학교,서울특별시 마포구 성산로4길 42,중학교,37.5627873,126.9079522
서울신목초등학교,서울특별시 양천구 신목로5길 11-6,초등학교,37.51661098,126.8726408
은평중학교,서울특별시 은평구 갈현로17나길 12-1,중학교,37.61061869,126.9083472
신광여자고등학교,서울특별시 용산구 청파로 263,고등학교,37.54289988,126.9694475
서울세명초등학교,서울특별시 강남구 자곡로 55,초등학교,37.4688571,127.0910759
국립전통예술고등학교,서울특별시 금천구 시흥대로38길 62,고등학교,37.44637006,126.9064871
강일고등학교,서울특별시 강동구 아리수로98길 40,고등학교,37.5638281,127.1779035
서울중랑초등학교,서울특별시 중랑구 봉우재로6길 26,초등학교,37.58966282,127.0755035
봉림중학교,서울특별시 관악구 장군봉길 72,중학교,37.48119817,126.9377027
서울둔촌초등학교,서울특별시 강동구 양재대로88길 27 . 서울둔촌초등학교 (둔촌동),초등학교,37.52624852,127.1374348
은평메디텍고등학교,서울특별시 은평구 진관2로 57-57,고등학교,37.63534652,126.9297048
공항중학교,서울특별시 강서구 방화대로 241,중학교,37.56217751,126.8149668
마곡하늬중학교,서울특별시 강서구 마곡서1로 16,중학교,37.55812766,126.8209848
서울흥인초등학교,서울특별시 중구 청구로6길 11,초등학교,37.56087001,127.0145555
한울중학교,서울특별시 금천구 독산로50길 60,중학교,37.46240099,126.9071815
둔촌중학교,서울특별시 강동구 진황도로61길 25-30,중학교,37.53083609,127.1463317
서울연은초등학교,서울특별시 은평구 백련산로2길 35,초등학교,37.59051222,126.9251778
서울수리초등학교,서울특별시 은평구 불광로14길 10-10,초등학교,37.62030737,126.9341783
백운중학교,서울특별시 도봉구 도봉로129길 50,중학교,37.65640592,127.0359041
서울동자초등학교,서울특별시 광진구 뚝섬로 561,초등학교,37.53505821,127.0721792
서울마포초등학교,서울특별시 마포구 도화2길 64,초등학교,37.53860225,126.949816
상일미디어고등학교,서울특별시 강동구 천호대로219길 61,고등학교,37.54858748,127.1708235
서울의료보건고등학교,서울특별시 중구 만리재로37길 30,고등학교,37.55729809,126.9667727
신암중학교,서울특별시 강동구 고덕로 65,중학교,37.55636169,127.1336043
구산중학교,서울특별시 은평구 갈현로15길 20-23,중학교,37.60987202,126.9094887
한서고등학교,서울특별시 강서구 양천로11길 47,고등학교,37.5747927,126.8081439
재현중학교,서울특별시 노원구 덕릉로82길 64,중학교,37.66126447,127.0807998
성덕고등학교,서울특별시 강동구 구천면로 396,고등학교,37.54996367,127.1419039
서울금나래초등학교,서울특별시 금천구 시흥대로79길 37,초등학교,37.45823,126.8962417
서울정목초등학교,서울특별시 양천구 목동중앙로3길 30-10,초등학교,37.53652885,126.8700491
염광고등학교,서울특별시 노원구 월계로45가길 9,고등학교,37.63028445,127.0492646
대왕중학교,서울특별시 강남구 광평로20길 7,중학교,37.48346033,127.0873381
서울휘봉초등학교,서울특별시 동대문구 장안벚꽃로 309,초등학교,37.58567641,127.0700416
청원여자고등학교,서울특별시 노원구 한글비석로 506,고등학교,37.66525155,127.0625329
도봉중학교,서울특별시 도봉구 마들로 671,중학교,37.67088384,127.0458717
서울망원초등학교,서울특별시 마포구 방울내로5길 28,초등학교,37.56088948,126.9007631
영훈초등학교,서울특별시 강북구 도봉로13가길 19,초등학교,37.61468187,127.0280933
서울치현초등학교,서울특별시 강서구 방화대로47길 43,초등학교,37.57591915,126.8146456
공릉중학교,서울특별시 노원구 노원로1길 42,중학교,37.62222778,127.0836019
서울용답초등학교,서울특별시 성동구 용답25길 1,초등학교,37.56073011,127.0537608
서울신봉초등학교,서울특별시 관악구 양녕로6나길 1,초등학교,37.48557635,126.9493909
선정국제관광고등학교,서울특별시 은평구 서오릉로20길 19,고등학교,37.61870451,126.9090316
양동중학교,서울특별시 양천구 목동중앙북로 49,중학교,37.54836875,126.8687172
미성중학교,서울특별시 관악구 문성로16길 40,중학교,37.47538281,126.9120889
서울염창초등학교,서울특별시 강서구 양천로 646-28,초등학교,37.55322614,126.8676002
서울선사초등학교,서울특별시 강동구 올림픽로 837,초등학교,37.55584691,127.128196
구현고등학교,서울특별시 구로구 경인로53가길 17,고등학교,37.50220279,126.8744458
신서고등학교,서울특별시 양천구 은행정로 42,고등학교,37.52391432,126.8602096
서울금호초등학교,서울특별시 성동구 무수막길 69,초등학교,37.55196497,127.0197434
서울가인초등학교,서울특별시 도봉구 도봉로136다길 4,초등학교,37.6594678,127.0429509
서울고덕초등학교,서울특별시 강동구 아리수로82길 42,초등학교,37.56129361,127.1660799
서울우암초등학교,서울특별시 서초구 바우뫼로7길 38,초등학교,37.47229555,127.0237234
서울신도림초등학교,서울특별시 구로구 신도림로19길 44,초등학교,37.51198439,126.8832546
서울신석초등학교,서울특별시 마포구 대흥로 33,초등학교,37.54453582,126.9377793
서울면목초등학교,서울특별시 중랑구 면목로 434,초등학교,37.5906966,127.0872878
서울대현초등학교,서울특별시 강남구 역삼로98길 16,초등학교,37.50372159,127.0635654
장위중학교,서울특별시 성북구 장위로4길 70,중학교,37.61129251,127.0408411
운현초등학교,서울특별시 종로구 삼일대로 460,초등학교,37.57663053,126.9881575
삼각산중학교,서울특별시 강북구 삼양로19길 141,중학교,37.61614897,127.0145684
서울목운초등학교,서울특별시 양천구 목동동로 235,초등학교,37.52700952,126.8730442
잠실고등학교,서울특별시 송파구 올림픽로33길 71,고등학교,37.52293043,127.106515
한양대학교사범대학부속고등학교,서울특별시 성동구 마조로 42,고등학교,37.56191884,127.042324
영일고등학교,서울특별시 강서구 등촌로51가길 26,고등학교,37.54728726,126.8620589
서울예술고등학교,서울특별시 종로구 평창문화로 70,고등학교,37.60575682,126.9678907
숭실중학교,서울특별시 은평구 은평터널로7길 6,중학교,37.59327482,126.9024039
서울남성초등학교,서울특별시 동작구 사당로23길 57-14,초등학교,37.48459498,126.9754874
삼성중학교,서울특별시 관악구 신림로3가길 39-24,중학교,37.4676059,126.9425132
서울방배초등학교,서울특별시 서초구 방배중앙로13길 26,초등학교,37.4867641,126.9871924
서울성자초등학교,서울특별시 광진구 뚝섬로56길 7,초등학교,37.53149357,127.0834083
서울창동초등학교,서울특별시 도봉구 해등로16길 81,초등학교,37.65536304,127.0448329
신길중학교,서울특별시 영등포구 신길로28길 43,중학교,37.50201923,126.9154741
대일관광고등학교,서울특별시 양천구 신정이펜1로 11,고등학교,37.51141377,126.8349067
둔촌고등학교,서울특별시 강동구 명일로 140,고등학교,37.53143258,127.1438087
서울구남초등학교,서울특별시 광진구 구의강변로 69,초등학교,37.53709659,127.0922888
서울상암초등학교,서울특별시 마포구 월드컵북로 353,초등학교,37.57633795,126.8923219
대동세무고등학교,서울특별시 종로구 계동길 84-10,고등학교,37.58158273,126.9879513
대성고등학교,서울특별시 은평구 갈현로29길 51-24,고등학교,37.62316122,126.9097907
신동중학교,서울특별시 서초구 나루터로 27,중학교,37.5169159,127.0129154
서울고현초등학교,서울특별시 강동구 상일로11길 110,초등학교,37.55405326,127.1658598
서울천왕초등학교,서울특별시 구로구 천왕로1길 11,초등학교,37.48145598,126.8370629
당산서중학교,서울특별시 영등포구 당산로41길 12,중학교,37.53248394,126.8988251
서울누원초등학교,서울특별시 도봉구 마들로 859-44,초등학교,37.68723271,127.0492672
청운중학교,서울특별시 종로구 창의문로 51,중학교,37.58916985,126.9710959
방학중학교,서울특별시 도봉구 시루봉로 188,중학교,37.66546957,127.030859
서울용원초등학교,서울특별시 노원구 섬밭로 144,초등학교,37.62992285,127.0689401
상계제일중학교,서울특별시 노원구 덕릉로86길 29-15,중학교,37.6610756,127.0780785
서울양진초등학교,서울특별시 광진구 워커힐로 32,초등학교,37.54457517,127.0983249
구의중학교,서울특별시 광진구 광나루로30길 80,중학교,37.5428503,127.0788404
경서중학교,서울특별시 강서구 양천로59길 31,중학교,37.56124186,126.857764
광신고등학교,서울특별시 관악구 광신길 141,고등학교,37.4644762,126.9259406
서울청룡초등학교,서울특별시 관악구 관악로5길 61,초등학교,37.47672527,126.9512057
한세사이버보안고등학교,서울특별시 마포구 마포대로11길 44-80,고등학교,37.55178983,126.9520321
서울중동초등학교,서울특별시 마포구 월드컵북로 152,초등학교,37.56641061,126.9117752
명지고등학교,서울특별시 서대문구 명지2길 56,고등학교,37.58491135,126.9270902
서울휘경초등학교,서울특별시 동대문구 망우로6길 48,초등학교,37.58573583,127.0582142
자운고등학교,서울특별시 도봉구 노해로69길 150,고등학교,37.65902067,127.0506763
서울신구로초등학교,서울특별시 구로구 가마산로27길 69,초등학교,37.49966003,126.8897631
마장중학교,서울특별시 성동구 마장로35나길 31,중학교,37.56830949,127.042128
서울성일초등학교,서울특별시 강동구 성내로15길 33,초등학교,37.52970924,127.1284083
선일여자고등학교,서울특별시 은평구 갈현로29길 27,고등학교,37.62030421,126.9119931
광희중학교,서울특별시 성동구 독서당로62길 46,중학교,37.55115453,127.033980049
서울문래초등학교,서울특별시 영등포구 문래로 104,초등학교,37.51914038,126.8936057
서울남명초등학교,서울특별시 양천구 중앙로23길 3,초등학교,37.515684,126.8540837
경성고등학교,서울특별시 마포구 성미산로 111,고등학교,37.56351064,126.9191663
서울대조초등학교,서울특별시 은평구 연서로18길 17,초등학교,37.61357914,126.9193022
서울서일초등학교,서울특별시 서초구 남부순환로339길 38,초등학교,37.48529778,127.0221598
송곡여자중학교,서울특별시 중랑구 양원역로 67,중학교,37.60668904,127.1051455
경일고등학교,서울특별시 성동구 성수일로 27,고등학교,37.54382982,127.0478683
서울우면초등학교,서울특별시 서초구 태봉로 59,초등학교,37.46471047,127.0237894
장충중학교,서울특별시 중구 동호로15길 93,중학교,37.5535149,127.006415
서울상도초등학교,서울특별시 동작구 성대로21길 62,초등학교,37.50034777,126.9372288
창동중학교,서울특별시 도봉구 방학로 32,중학교,37.66322957,127.0489975
서울재동초등학교,서울특별시 종로구 북촌로4길 7,초등학교,37.58002991,126.9851778
증산중학교,서울특별시 은평구 증산로5길 27-30,중학교,37.58344275,126.9041567
노곡중학교,서울특별시 도봉구 노해로70길 95,중학교,37.64880251,127.0537437
염경중학교,서울특별시 강서구 양천로69길 35,중학교,37.55453781,126.8705292
장훈고등학교,서울특별시 영등포구 영등포로64길 26,고등학교,37.51334559,126.9162285
서울신명초등학교,서울특별시 강동구 명일로24길 33,초등학교,37.54092685,127.1499791
서울신암초등학교,서울특별시 강동구 올림픽로93길 33-16,초등학교,37.55002367,127.1244044
솔샘고등학교,서울특별시 강북구 인수봉로 39,고등학교,37.62366717,127.0121354
숙명여자고등학교,서울특별시 강남구 남부순환로 2807,고등학교,37.49147536,127.0526126
서울명덕초등학교,서울특별시 강동구 양재대로156길 11,초등학교,37.55676233,127.1450815
성일중학교,서울특별시 동대문구 왕산로23길 55,중학교,37.58185023,127.0338291
서울강신초등학교,서울특별시 양천구 월정로 280,초등학교,37.54209971,126.8295837
서울신미림초등학교,서울특별시 구로구 신도림로 26,초등학교,37.50714192,126.8795527
진선여자고등학교,서울특별시 강남구 선릉로85길 27,고등학교,37.50230289,127.0482866
당산중학교,서울특별시 영등포구 버드나루로 160,중학교,37.53203308,126.907614
경기여자고등학교,서울특별시 강남구 삼성로 29,고등학교,37.48691516,127.065453
삼선중학교,서울특별시 성북구 동소문로3길 69,중학교,37.59174763,127.0078716
서울고척초등학교,서울특별시 구로구 경서로 31,초등학교,37.50094829,126.8569791
서울한서초등학교,서울특별시 마포구 대흥로24바길 27,초등학교,37.55364783,126.9497788
유한공업고등학교,서울특별시 구로구 경인로 8,고등학교,37.48791416,126.8232907
하나고등학교,서울특별시 은평구 연서로 535,고등학교,37.64163759,126.9369302
세화여자고등학교,서울특별시 서초구 신반포로 56-7,고등학교,37.50199646,126.9942300139
세명컴퓨터고등학교,서울특별시 은평구 통일로92가길 33,고등학교,37.6277708,126.9232499
서울학동초등학교,서울특별시 강남구 선릉로115길 42,초등학교,37.51226106,127.0395978
서울서이초등학교,서울특별시 서초구 서운로 35,초등학교,37.49156467,127.025618
서울삼릉초등학교,서울특별시 강남구 봉은사로63길 22,초등학교,37.51325992,127.0469495
건국대학교사범대학부속중학교,서울특별시 광진구 자양로 145-1,중학교,37.54172407,127.0815971
서울강솔초등학교,서울특별시 강동구 고덕로97길 80,초등학교,37.56186962,127.1802671
성수고등학교,서울특별시 성동구 서울숲길 18,고등학교,37.54734181,127.0382534
성신여자중학교,서울특별시 성북구 북악산로 918,중학교,37.59462313,127.0231285
동대문중학교,서울특별시 동대문구 사가정로 59,중학교,37.57452207,127.0519943
서울금융고등학교,서울특별시 양천구 가로공원로61길 19,고등학교,37.5376165,126.8256209
용산철도고등학교,서울특별시 용산구 서빙고로 24,고등학교,37.52430312,126.9673581
서울도시과학기술고등학교,서울특별시 성북구 종암로 196,고등학교,37.6078128,127.0330442
추계초등학교,서울특별시 서대문구 북아현로11가길 7,초등학교,37.56317672,126.9540593
풍문고등학교,서울특별시 강남구 자곡로 152,고등학교,37.47135959,127.0999634
서울등촌초등학교,서울특별시 강서구 등촌로39길 71,초등학교,37.54761422,126.8579422
노원고등학교,서울특별시 노원구 노원로 586,고등학교,37.66180319,127.0540195
신양중학교,서울특별시 광진구 자양강변길 73,중학교,37.53365227,127.0634311
광양고등학교,서울특별시 광진구 자양로3가길 31,고등학교,37.52937892,127.0851823
천호중학교,서울특별시 강동구 상암로 153,중학교,37.54651926,127.139698
서울장안초등학교,서울특별시 광진구 군자로 74,초등학교,37.54987645,127.0724025
선일여자중학교,서울특별시 은평구 갈현로29길 27,중학교,37.62030421,126.9119931
서울구일초등학교,서울특별시 구로구 구일로 68,초등학교,37.49319187,126.8734727
광진중학교,서울특별시 광진구 뚝섬로64길 45,중학교,37.53221959,127.0901621
천왕중학교,서울특별시 구로구 천왕로 63,중학교,37.48265442,126.8373336
서일중학교,서울특별시 서초구 서운로21길 2,중학교,37.49852986,127.0232207
진관고등학교,서울특별시 은평구 진관4로 26,고등학교,37.64333857,126.9243825
서울동원초등학교,서울특별시 중랑구 송림길 114,초등학교,37.60457824,127.1044913
수명중학교,서울특별시 강서구 수명로2길 16,중학교,37.54856699,126.8240596
서울용마초등학교,서울특별시 광진구 천호대로113길 10,초등학교,37.55782735,127.0835274
동덕여자중학교,서울특별시 서초구 효령로2길 123-5,중학교,37.47587863,126.991995
전농중학교,서울특별시 동대문구 사가정로13길 71,중학교,37.58204428,127.0592794
언북중학교,서울특별시 강남구 도산대로38길 27,중학교,37.51942855,127.0331263
광신중학교,서울특별시 관악구 광신길 141,중학교,37.4644762,126.9259406
서울신계초등학교,서울특별시 노원구 초안산로 29,초등학교,37.62979163,127.052769
동도중학교,서울특별시 마포구 백범로 139,중학교,37.54670177,126.9469053
서울봉천초등학교,서울특별시 관악구 행운1라길 17,초등학교,37.4832696,126.9581884
서울동일초등학교,서울특별시 노원구 한글비석로 566,초등학교,37.66481537,127.0541700176
송곡고등학교,서울특별시 중랑구 양원역로 50,고등학교,37.60584544,127.1064637
경복비즈니스고등학교,서울특별시 강서구 화곡로 379,고등학교,37.55802536,126.8526703
서울신서초등학교,서울특별시 양천구 목동서로10길 35,초등학교,37.52055887,126.8623309
서울디자인고등학교,서울특별시 마포구 백범로 139,고등학교,37.54670177,126.9469053
서울아주초등학교,서울특별시 송파구 올림픽로4길 59,초등학교,37.50582689,127.075764
서울연광초등학교,서울특별시 은평구 연서로35길 37,초등학교,37.62364876,126.923909
용마중학교,서울특별시 중랑구 면목로28길 18,중학교,37.5745074,127.0862687
서울상천초등학교,서울특별시 노원구 덕릉로 443,초등학교,37.64628513,127.0578888
강동고등학교,서울특별시 강동구 구천면로 572,고등학교,37.54991665,127.1606683
예일디자인고등학교,서울특별시 은평구 연서로 117,고등학교,37.6109459,126.9147928
금호고등학교,서울특별시 성동구 금호로 118,고등학교,37.5536215,127.0234338
서울강동초등학교,서울특별시 강동구 상암로14길 77,초등학교,37.5463638,127.1301872
광문고등학교,서울특별시 강동구 동남로 968,고등학교,37.56046181,127.1585463
서울명원초등학교,서울특별시 강동구 명일로 364,초등학교,37.55128785,127.1505002
한영고등학교,서울특별시 강동구 동남로 832,고등학교,37.54913153,127.1577731
서울교동초등학교,서울특별시 종로구 삼일대로 446,초등학교,37.57500567,126.9881513
동신중학교,서울특별시 강동구 진황도로 72,중학교,37.53676952,127.1343666
서울영등포초등학교,서울특별시 영등포구 경인로 756,초등학교,37.51287942,126.899634
보인고등학교,서울특별시 송파구 오금로49길 18,고등학교,37.4975692,127.1395178
이화여자고등학교,서울특별시 중구 정동길 26,고등학교,37.56617664,126.9713244
서울성서초등학교,서울특별시 마포구 성미산로7길 24,초등학교,37.56059575,126.9109242
신목고등학교,서울특별시 양천구 안양천로 739,고등학교,37.51290943,126.8736069
충암중학교,서울특별시 은평구 가좌로5길 5,중학교,37.58464029,126.9218095
서울초당초등학교,서울특별시 도봉구 해등로32길 11,초등학교,37.65862783,127.0219562
강신중학교,서울특별시 양천구 남부순환로 604,중학교,37.51513716,126.8381601
선덕중학교,서울특별시 도봉구 시루봉로 53,중학교,37.65634868,127.0268766
서울문화고등학교,서울특별시 도봉구 마들로 598,고등학교,37.66413143,127.0472858
가산중학교,서울특별시 금천구 시흥대로115길 48,중학교,37.46877706,126.8944749
서울등현초등학교,서울특별시 강서구 화곡로65길 124,초등학교,37.56145118,126.8475984
서울불암초등학교,서울특별시 노원구 중계로 178,초등학교,37.65078442,127.0806018
관악고등학교,서울특별시 영등포구 영등포로6길 26,고등학교,37.52179166,126.8829505
서울장위초등학교,서울특별시 성북구 장월로8가길 41,초등학교,37.61144251,127.0500064
성동공업고등학교,서울특별시 중구 다산로 290,고등학교,37.56936315,127.0172917
언남고등학교,서울특별시 서초구 동산로13길 35,고등학교,37.47233002,127.0430052
서울송중초등학교,서울특별시 강북구 오현로 9,초등학교,37.61700008,127.0314657
중앙여자고등학교,서울특별시 서대문구 북아현로11가길 7,고등학교,37.56317672,126.9540593
신반포중학교,서울특별시 서초구 신반포로19길 26,중학교,37.50626532,126.9961146
서울천호초등학교,서울특별시 강동구 구천면로 310-11,초등학교,37.54771897,127.1365923
경기상업고등학교,서울특별시 종로구 자하문로 136,고등학교,37.58925853,126.9700571
서울청운초등학교,서울특별시 종로구 자하문로 105,초등학교,37.58592131,126.9692423
서울대길초등학교,서울특별시 영등포구 대방천로 206,초등학교,37.49811236,126.9131739
서울인헌초등학교,서울특별시 관악구 낙성대로 23,초등학교,37.47675499,126.9598639
서울공항초등학교,서울특별시 강서구 마곡서1로 68,초등학교,37.56302167,126.8216459
서울웹툰애니메이션고등학교,서울특별시 서초구 과천대로 852-23,고등학교,37.46972182,126.9883284
서울정수초등학교,서울특별시 성북구 정릉로24길 58,초등학교,37.60377489,127.0077189
서울용암초등학교,서울특별시 용산구 녹사평대로60길 39,초등학교,37.54455872,126.9889455
서울언북초등학교,서울특별시 강남구 삼성로135길 42,초등학교,37.52012517,127.0447158
서울구현초등학교,서울특별시 은평구 갈현로15길 51,초등학교,37.60984462,126.9057958
성암국제무역고등학교,서울특별시 강북구 도봉로29길 52,고등학교,37.62041353,127.0239059
한국삼육고등학교,서울특별시 노원구 화랑로 815,고등학교,37.64335737,127.1088503
문정고등학교,서울특별시 송파구 송이로34길 62,고등학교,37.4851785,127.1266921
광장중학교,서울특별시 광진구 광장로1길 1,중학교,37.54717752,127.1019276
언남중학교,서울특별시 서초구 동산로 55,중학교,37.47240137,127.0442813
서울신월초등학교,서울특별시 강서구 강서로31길 48,초등학교,37.54036551,126.8394555
양정중학교,서울특별시 양천구 안양천로 1039,중학교,37.53538402,126.8877343
숭문중학교,서울특별시 마포구 숭문길 99,중학교,37.55089081,126.9457689
숭문고등학교,서울특별시 마포구 숭문길 99,고등학교,37.55087275,126.9457596
자양중학교,서울특별시 광진구 뚝섬로41길 33,중학교,37.53539805,127.074384
서울문현초등학교,서울특별시 송파구 충민로 137,초등학교,37.48279092,127.1302223
국립국악고등학교,서울특별시 강남구 개포로22길 65,고등학교,37.4762308,127.0514732
서울풍성초등학교,서울특별시 송파구 강동대로2길 13,초등학교,37.52629486,127.1134884
경성중학교,서울특별시 마포구 성미산로 111,중학교,37.56351064,126.9191663
계성고등학교,서울특별시 성북구 길음로 63,고등학교,37.6074936,127.0201836
서울은명초등학교,서울특별시 은평구 은평로4길 21-9,초등학교,37.59769681,126.9182757
서울상일초등학교,서울특별시 강동구 천호대로 1477,초등학교,37.54757217,127.1726635
신진과학기술고등학교,서울특별시 은평구 은평로6길 16,고등학교,37.59871385,126.9188364
서울조원초등학교,서울특별시 관악구 조원로 67,초등학교,37.48417783,126.909581
선일빅데이터고등학교,서울특별시 은평구 갈현로29길 27,고등학교,37.62033713,126.9119931
서울전동초등학교,서울특별시 동대문구 전농로16길 61,초등학교,37.57908329,127.0608053
서울오정초등학교,서울특별시 구로구 경인로2길 10,초등학교,37.49016566,126.8264392
대림중학교,서울특별시 영등포구 시흥대로185길 6,중학교,37.49231887,126.9074673
창천중학교,서울특별시 마포구 백범로1길 56,중학교,37.55498958,126.9392951
서울영일초등학교,서울특별시 구로구 남부순환로105길 218,초등학교,37.48564539,126.8838134
서울갈현초등학교,서울특별시 은평구 연서로29길 31,초등학교,37.61977964,126.9166834
서울원신초등학교,서울특별시 관악구 광신길 177,초등학교,37.46719824,126.9272409
서울영서초등학교,서울특별시 구로구 도림로20길 57,초등학교,37.48896082,126.8955833
성보고등학교,서울특별시 관악구 남부순환로156길 39,고등학교,37.48072837,126.9209573
서울선린초등학교,서울특별시 강동구 진황도로61길 29,초등학교,37.52976012,127.145594
이화여자대학교병설미디어고등학교,서울특별시 중랑구 망우로73길 56,고등학교,37.6031324,127.1053324
마포중학교,서울특별시 강서구 화곡로 403,중학교,37.55998867,126.8531334
석관중학교,서울특별시 성북구 한천로 526,중학교,37.60814014,127.0667131
인창고등학교,서울특별시 서대문구 경기대로 65,고등학교,37.56488513,126.9640232
서울양전초등학교,서울특별시 강남구 개포로 513,초등학교,37.49028284,127.0694253
불암고등학교,서울특별시 노원구 중계로 155,고등학교,37.64915853,127.0803058
선린인터넷고등학교,서울특별시 용산구 원효로97길 33-4,고등학교,37.54296872,126.9649361
서울노일초등학교,서울특별시 노원구 동일로 1625,초등학교,37.67375444,127.0549667
중앙고등학교,서울특별시 종로구 창덕궁길 164,고등학교,37.58378822,126.9874726
서울홍파초등학교,서울특별시 동대문구 고산자로 518,초등학교,37.58622252,127.0395199
보성여자고등학교,서울특별시 용산구 신흥로3가길 66,고등학교,37.54308154,126.9842996
양진중학교,서울특별시 광진구 워커힐로 32,중학교,37.54457517,127.0983485
서울동신초등학교,서울특별시 성북구 보문사길 50,초등학교,37.58328787,127.017058
성심여자고등학교,서울특별시 용산구 원효로19길 49,고등학교,37.53420937,126.9545934
개웅중학교,서울특별시 구로구 개봉로11길 81,중학교,37.4875269,126.8510711
예일초등학교,서울특별시 은평구 연서로 117,초등학교,37.6109459,126.9147928
서울동명초등학교,서울특별시 성동구 마장로29길 29,초등학교,37.56812285,127.0351082
광운초등학교,서울특별시 성북구 한천로 694,초등학교,37.61865113,127.0551517
서울백운초등학교,서울특별시 도봉구 삼양로146길 17,초등학교,37.65264151,127.0136725
서울서초초등학교,서울특별시 서초구 서운로 178,초등학교,37.49904877,127.0248915
염광중학교,서울특별시 노원구 월계로45가길 9,중학교,37.6302165,127.0492646
영동일고등학교,서울특별시 송파구 석촌호수로 93,고등학교,37.51003447,127.089867
일신여자중학교,서울특별시 송파구 송파대로38길 8,중학교,37.50177714,127.1142413
서울온수초등학교,서울특별시 구로구 부일로 893,초등학교,37.49400506,126.8259667
송곡관광고등학교,서울특별시 중랑구 양원역로 67,고등학교,37.60668904,127.1051455
효문중학교,서울특별시 도봉구 우이천로 432,중학교,37.65269871,127.0184005
신도봉중학교,서울특별시 도봉구 도봉로115길 16,중학교,37.64959473,127.0332017
서울상경초등학교,서울특별시 노원구 수락산로 237,초등학교,37.67050507,127.0516742
서울연천초등학교,서울특별시 은평구 연서로34길 22,초등학교,37.62134929,126.9299179
강동중학교,서울특별시 강동구 풍산로 237,중학교,37.56965025,127.177836
수락중학교,서울특별시 노원구 동일로 1729,중학교,37.68314469,127.0548083
서울매헌초등학교,서울특별시 서초구 언남길 8,초등학교,37.47126248,127.0420698
서울오류남초등학교,서울특별시 구로구 서해안로24길 22,초등학교,37.48968652,126.8391127
양서중학교,서울특별시 양천구 남부순환로 380,중학교,37.53262929,126.8291351
예림디자인고등학교,서울특별시 구로구 오리로21길 2,고등학교,37.50035507,126.827683
용산중학교,서울특별시 용산구 두텁바위로 74,중학교,37.54600281,126.9809763
서울응봉초등학교,서울특별시 성동구 독서당로62길 28,초등학교,37.55025339,127.0338297
서울풍납초등학교,서울특별시 송파구 풍성로 43,초등학교,37.53440483,127.1172037
서울인왕초등학교,서울특별시 서대문구 세무서길 33-9,초등학교,37.59023007,126.9448045
용문중학교,서울특별시 성북구 고려대로17가길 46,중학교,37.58869033,127.0246608
서울성원초등학교,서울특별시 마포구 월드컵로36길 34,초등학교,37.56698252,126.9050853
동명여자중학교,서울특별시 서대문구 독립문로 49,중학교,37.56861542,126.9622529
신광여자중학교,서울특별시 용산구 청파로 263,중학교,37.54289988,126.9694475
서울개롱초등학교,서울특별시 송파구 문정로 211,초등학교,37.49736261,127.1398881
서울효제초등학교,서울특별시 종로구 대학로 12,초등학교,37.57268283,127.003491
서울신은초등학교,서울특별시 양천구 신정이펜2로 30,초등학교,37.51391281,126.8321696
서울송원초등학교,서울특별시 성동구 동일로43길 9,초등학교,37.55415927,127.0695262
선정고등학교,서울특별시 은평구 서오릉로20길 19,고등학교,37.61870451,126.9090316
서울청덕초등학교,서울특별시 성북구 정릉로9라길 11,초등학교,37.61203173,127.0003334
서울문영여자중학교,서울특별시 관악구 관악로 85,중학교,37.47290457,126.9509181
서울연가초등학교,서울특별시 서대문구 증가로12가길 49-50,초등학교,37.5795632,126.9173292
서울신가초등학교,서울특별시 송파구 송이로 75,초등학교,37.5003628,127.1198778
서울동교초등학교,서울특별시 마포구 월드컵로25길 86,초등학교,37.55862448,126.9024006
서울대은초등학교,서울특별시 은평구 통일로69길 12-15,초등학교,37.61236712,126.9258698
도곡중학교,서울특별시 강남구 언주로57길 31,중학교,37.49230771,127.0452179
서울양남초등학교,서울특별시 광진구 뚝섬로64길 71,초등학교,37.53112324,127.0892343
서울고등학교,서울특별시 서초구 효령로 197,고등학교,37.48429306,127.0049019
서울체육중학교,서울특별시 송파구 강동대로 232,중학교,37.52233038,127.1298226
서울양강초등학교,서울특별시 양천구 오목로 101,초등학교,37.52423449,126.8478515
서울북가좌초등학교,서울특별시 서대문구 거북골로19길 20,초등학교,37.57722021,126.9077782
백암고등학교,서울특별시 양천구 신정로13길 16,고등학교,37.51219626,126.844377
성사중학교,서울특별시 마포구 모래내로9길 16,중학교,37.5680911,126.912683
성보중학교,서울특별시 관악구 남부순환로156길 39,중학교,37.48072837,126.9209573
화곡보건경영고등학교,서울특별시 강서구 강서로45길 70,고등학교,37.5484056,126.8326573
대원여자고등학교,서울특별시 광진구 용마산로22길 26,고등학교,37.56249619,127.0894052
창동고등학교,서울특별시 도봉구 노해로62길 7,고등학교,37.65103577,127.0388191
연북중학교,서울특별시 서대문구 연희로36길 32,중학교,37.57758095,126.9384801
개원중학교,서울특별시 강남구 영동대로 101,중학교,37.49163975,127.0714157
리라아트고등학교,서울특별시 중구 소파로2길 24,고등학교,37.55711546,126.988252
서울양천초등학교,서울특별시 강서구 양천로 329,초등학교,37.57018817,126.8395397
서울충무초등학교,서울특별시 중구 퇴계로50길 13,초등학교,37.56194948,127.0012351
상문고등학교,서울특별시 서초구 명달로 45,고등학교,37.47975543,127.0039168
경기초등학교,서울특별시 서대문구 경기대로9길 10,초등학교,37.56511029,126.9628606
대영중학교,서울특별시 영등포구 도림로80가길 14,중학교,37.50343784,126.905208
동일여자고등학교,서울특별시 금천구 탑골로10길 45,고등학교,37.45193626,126.9158199
서울동답초등학교,서울특별시 동대문구 답십리로60길 12,초등학교,37.57150142,127.0640341
혜원여자중학교,서울특별시 중랑구 봉우재로58길 39,중학교,37.59327987,127.0970427
여의도고등학교,서울특별시 영등포구 국제금융로7길 37,고등학교,37.52505101,126.9342192
환일중학교,서울특별시 중구 환일길 47,중학교,37.55360775,126.9628071
창덕여자중학교,서울특별시 중구 정동길 22,중학교,37.5664328,126.9692102
서울내발산초등학교,서울특별시 강서구 강서로46길 23,초등학교,37.55088255,126.8381642
서울발산초등학교,서울특별시 강서구 강서로45길 113,초등학교,37.55026244,126.8309944
서울금북초등학교,서울특별시 성동구 행당로1길 13,초등학교,37.55749549,127.0235067
서울쌍문초등학교,서울특별시 도봉구 우이천로 360,초등학교,37.64836383,127.0242911
동성중학교,서울특별시 종로구 대학로 156,중학교,37.58496996,127.0030976
신일고등학교,서울특별시 강북구 솔매로49길 20,고등학교,37.62796722,127.0284031
태강삼육초등학교,서울특별시 노원구 화랑로 815,초등학교,37.64335737,127.1088503
서울한산초등학교,서울특별시 강동구 풍성로 261,초등학교,37.52869458,127.141077
명지초등학교,서울특별시 서대문구 명지2길 32-20,초등학교,37.58362994,126.9282315
서울무학초등학교,서울특별시 성동구 무학봉15길 21,초등학교,37.56327474,127.0296135
양강중학교,서울특별시 양천구 중앙로 319,중학교,37.52491016,126.849688
배재중학교,서울특별시 강동구 고덕로 227,중학교,37.55505939,127.1502473
서울삼전초등학교,서울특별시 송파구 백제고분로28길 19,초등학교,37.50169984,127.0932689
서울삼각산초등학교,서울특별시 강북구 삼양로19길 141,초등학교,37.61614897,127.0145684
서울강명초등학교,서울특별시 강동구 상일로 74-1,초등학교,37.55470604,127.1733624
상암중학교,서울특별시 마포구 상암산로1길 26,중학교,37.57905692,126.8875508
서울연신초등학교,서울특별시 은평구 연서로 347,초등학교,37.62605996,126.9277513
영등포여자고등학교,서울특별시 영등포구 영등포로62길 13,고등학교,37.51538845,126.9153563
성암여자중학교,서울특별시 강북구 도봉로29길 52,중학교,37.62041353,127.0239059
잠일고등학교,서울특별시 송파구 백제고분로 21,고등학교,37.514521,127.0825552
서울태릉초등학교,서울특별시 노원구 노원로1길 36,초등학교,37.62310241,127.0850589
양정고등학교,서울특별시 양천구 안양천로 1039,고등학교,37.53539226,126.8877343
신도고등학교,서울특별시 은평구 통일로 961,고등학교,37.62913251,126.9187486
보인중학교,서울특별시 송파구 오금로49길 18,중학교,37.4975692,127.1395178
서울홍릉초등학교,서울특별시 동대문구 회기로 90,초등학교,37.59068752,127.0477051
서울홍연초등학교,서울특별시 서대문구 백련사길 55,초등학교,37.58211871,126.9306604
서울국제고등학교,서울특별시 종로구 성균관로13길 40,고등학교,37.59179115,126.9954907
성원중학교,서울특별시 성동구 성덕정9가길 13,중학교,37.53945182,127.0513835
성신여자고등학교,서울특별시 성북구 동소문로26가길 80,고등학교,37.59428963,127.0224072
방화중학교,서울특별시 강서구 개화동로27길 9,중학교,37.56433471,126.8071069
서울문교초등학교,서울특별시 금천구 독산로54길 102,초등학교,37.46672027,126.9088159
서울석촌초등학교,서울특별시 송파구 가락로11길 26,초등학교,37.50263063,127.1052122
서울탑산초등학교,서울특별시 강서구 허준로 109,초등학교,37.56701719,126.8523683
유석초등학교,서울특별시 강서구 화곡로69길 9,초등학교,37.56080588,126.8537249
서울삼일초등학교,서울특별시 동작구 사당로23나길 27,초등학교,37.48823549,126.9751016
중랑중학교,서울특별시 중랑구 동일로140길 33,중학교,37.60535089,127.0807928
서울방송고등학교,서울특별시 성동구 동호로5길 131,고등학교,37.54777448,127.0110373
서울화일초등학교,서울특별시 강서구 까치산로10길 70,초등학교,37.54072601,126.8474076
서울노원초등학교,서울특별시 노원구 동일로230나길 32,초등학교,37.67359347,127.0584544
경복여자고등학교,서울특별시 강서구 화곡로63길 40,고등학교,37.55782183,126.8505957
대신고등학교,서울특별시 종로구 사직로 9,고등학교,37.57312377,126.9612545
휘경중학교,서울특별시 동대문구 망우로18나길 20,중학교,37.58709299,127.0617461
서울금양초등학교,서울특별시 용산구 효창원로 137,초등학교,37.54094231,126.9618319
서울묵동초등학교,서울특별시 중랑구 동일로138길 27,초등학교,37.60335949,127.0808272
미래산업과학고등학교,서울특별시 노원구 덕릉로82길 54,고등학교,37.65877948,127.0784407
서울청구초등학교,서울특별시 중구 다산로 170,초등학교,37.55911668,127.0137244
서울신도초등학교,서울특별시 은평구 진관1로 77-23,초등학교,37.63296389,126.9291989
서울공연초등학교,서울특별시 노원구 동일로192가길 16,초등학교,37.62754753,127.0745089
서울고은초등학교,서울특별시 서대문구 모래내로 441,초등학교,37.58500184,126.9439749
서울어울초등학교,서울특별시 은평구 통일로 650,초등학교,37.60656331,126.9350984
한광고등학교,서울특별시 강서구 등촌로13길 110,고등학교,37.53884371,126.857922
동북중학교,서울특별시 강동구 강동대로 305,중학교,37.52024061,127.1394507
서울신기초등학교,서울특별시 양천구 신정로 292,초등학교,37.5113683,126.854213
강빛중학교,서울특별시 강동구 아리수로93다길 1,중학교,37.57434332,127.1707749
고덕중학교,서울특별시 강동구 동남로82길 94,중학교,37.56036661,127.1616435
영도중학교,서울특별시 양천구 목동중앙남로 27,중학교,37.53631557,126.8657711
서울등마초등학교,서울특별시 강서구 등촌로35길 12,초등학교,37.54204371,126.8616672
윤중중학교,서울특별시 영등포구 여의동로3길 3,중학교,37.51897848,126.9241232
서울노량진초등학교,서울특별시 동작구 장승배기로 160,초등학교,37.51175038,126.9408242
서울양목초등학교,서울특별시 양천구 목동로11길 30,초등학교,37.52391851,126.8614719
동국대학교사범대학부속가람고등학교,서울특별시 광진구 광나루로36길 47,고등학교,37.54192936,127.0869732
상일중학교,서울특별시 강동구 천호대로219길 61,중학교,37.54858748,127.1708235
서울석관초등학교,서울특별시 성북구 돌곶이로22길 21,초등학교,37.61102206,127.0583553
서울장수초등학교,서울특별시 양천구 신정로13가길 30,초등학교,37.5129972,126.8451597
해성여자고등학교,서울특별시 동대문구 전농로20길 31,고등학교,37.5818726,127.0569769
문일고등학교,서울특별시 금천구 시흥대로47길 45,고등학교,37.44891526,126.8987207
하계중학교,서울특별시 노원구 노원로 261-8,중학교,37.64136991,127.0723336
동덕여자고등학교,서울특별시 서초구 효령로2길 123-5,고등학교,37.47583666,126.991995
이화여자외국어고등학교,서울특별시 중구 통일로4길 30,고등학교,37.56557732,126.9696417
신광초등학교,서울특별시 용산구 청파로 263,초등학교,37.54289988,126.9694475
창문여자중학교,서울특별시 강북구 월계로 61,중학교,37.6134057,127.0357962
무학여자고등학교,서울특별시 성동구 고산자로 197,고등학교,37.55762633,127.0338809
신서중학교,서울특별시 양천구 중앙로 206,중학교,37.51596644,126.8550164
불광중학교,서울특별시 은평구 불광로 180,중학교,37.62320355,126.9321291
서울마장초등학교,서울특별시 성동구 마장로35나길 31,초등학교,37.56830949,127.042128
삼각산고등학교,서울특별시 강북구 삼양로19길 40,고등학교,37.61628573,127.0201333
구일중학교,서울특별시 구로구 구일로 90-133,중학교,37.49530091,126.8737702
서울계상초등학교,서울특별시 노원구 한글비석로41가길 24,초등학교,37.66219777,127.0686777
면목중학교,서울특별시 중랑구 용마산로70길 37,중학교,37.58321586,127.0963033
서울아이티고등학교,서울특별시 노원구 섬밭로 299,고등학교,37.64241844,127.0624493
영등포중학교,서울특별시 동작구 등용로8길 5,중학교,37.5080846,126.9331435
경복고등학교,서울특별시 종로구 자하문로28가길 9,고등학교,37.58594567,126.9715109
서울성수초등학교,서울특별시 성동구 아차산로17길 21,초등학교,37.54433609,127.0631674
서울숭덕초등학교,서울특별시 성북구 정릉로 279,초등학교,37.6038198,127.013291
서울개일초등학교,서울특별시 강남구 개포로 401,초등학교,37.48621414,127.0577406
서울덕암초등학교,서울특별시 노원구 덕릉로112길 68,초등학교,37.6666212,127.0814598
잠신중학교,서울특별시 송파구 잠실로 12,중학교,37.51613937,127.087802
인창중학교,서울특별시 서대문구 경기대로 65,중학교,37.56488513,126.9640232
광남고등학교,서울특별시 광진구 아차산로70길 17-16,고등학교,37.54151472,127.1012139
청량고등학교,서울특별시 동대문구 왕산로 303,고등학교,37.588886,127.051311
신도중학교,서울특별시 은평구 진관1로 77-30,중학교,37.63298366,126.9308787
영동중학교,서울특별시 서초구 성촌길 14,중학교,37.46598629,127.0251408
서울송전초등학교,서울특별시 송파구 석촌호수로 159,초등학교,37.50881326,127.0951265
서울세종고등학교,서울특별시 강남구 광평로51길 36,고등학교,37.49038935,127.1027968
장충고등학교,서울특별시 중구 동호로15길 93,고등학교,37.5535149,127.006415
수명고등학교,서울특별시 강서구 수명로2길 15,고등학교,37.54976186,126.8247662
중경고등학교,서울특별시 용산구 이촌로84길 34,고등학교,37.5176804,126.9756383
서울위례별초등학교,서울특별시 송파구 위례광장로 243,초등학교,37.47908713,127.1450416
서울중광초등학교,서울특별시 광진구 긴고랑로13길 59,초등학교,37.56524214,127.082693
중앙대학교사범대학부속초등학교,서울특별시 동작구 서달로 135,초등학교,37.50545264,126.9596777
서울상곡초등학교,서울특별시 노원구 노원로38길 34,초등학교,37.66290401,127.0620747
서울공연예술고등학교,서울특별시 구로구 오리로22나길 16-26,고등학교,37.49993066,126.8326087
광성고등학교,서울특별시 마포구 신수로8길 20,고등학교,37.54869756,126.9359696
금천고등학교,서울특별시 금천구 시흥대로38길 26,고등학교,37.44480673,126.9049018
성재중학교,서울특별시 강서구 허준로 36,중학교,37.56944938,126.8452953
서울남산초등학교,서울특별시 중구 퇴계로22길 17,초등학교,37.55978374,126.9867556
홍익대학교사범대학부속여자고등학교,서울특별시 마포구 성미산로 51,고등학교,37.55964474,126.9132084
성덕여자중학교,서울특별시 강동구 구천면로 396,중학교,37.54996367,127.1419039
서울경수초등학교,서울특별시 성동구 뚝섬로13길 22,초등학교,37.53950904,127.0592712
선린중학교,서울특별시 용산구 원효로97길 33-4,중학교,37.54296872,126.9649361
한양중학교,서울특별시 중구 을지로 299,중학교,37.5658716,127.0114433
덕수중학교,서울특별시 중구 마른내로9길 10,중학교,37.56557957,126.9969973
서울길음초등학교,서울특별시 성북구 길음로 142,초등학교,37.61363115,127.01666
서울오봉초등학교,서울특별시 도봉구 시루봉로 285,초등학교,37.67175795,127.040259
서울중대초등학교,서울특별시 송파구 송파대로36길 8,초등학교,37.4998119,127.1136055
한성중학교,서울특별시 서대문구 북아현로1길 24,중학교,37.55909644,126.9544565
세일중학교,서울특별시 금천구 시흥대로147길 34,중학교,37.47459441,126.8953689
서울영신초등학교,서울특별시 영등포구 도신로60길 23,초등학교,37.51017196,126.9181917
서울사근초등학교,서울특별시 성동구 사근동11길 16,초등학교,37.562685,127.047545
서울서강초등학교,서울특별시 마포구 독막로 113,초등학교,37.54869715,126.9268512
서울매그넷고등학교,서울특별시 금천구 탑골로10길 45,고등학교,37.45193626,126.9158199
동성고등학교,서울특별시 종로구 대학로 156,고등학교,37.58496996,127.0030619
광남중학교,서울특별시 광진구 아차산로70길 17-62,중학교,37.54083041,127.1016205
배화여자중학교,서울특별시 종로구 필운대로1길 34,중학교,37.57954401,126.9672919
서울신상도초등학교,서울특별시 동작구 장승배기로 14,초등학교,37.50034802,126.9446159
서울인수초등학교,서울특별시 강북구 인수봉로 269,초등학교,37.64305053,127.0091358
영등포고등학교,서울특별시 동작구 등용로8길 5,고등학교,37.5080846,126.9331435
서울강월초등학교,서울특별시 양천구 신월로 97,초등학교,37.51634172,126.8334319
서울대신초등학교,서울특별시 서대문구 이화여대2길 27,초등학교,37.55795026,126.9480572
서울덕수초등학교,서울특별시 중구 덕수궁길 140,초등학교,37.56908888,126.9746579
서울등명초등학교,서울특별시 강서구 강서로56나길 34,초등학교,37.56089445,126.8423822
상현중학교,서울특별시 동작구 사당로2길 2-19,중학교,37.49398955,126.9603433
서울안암초등학교,서울특별시 성북구 고려대로7가길 39,초등학교,37.5871587,127.0220989
대방중학교,서울특별시 동작구 여의대방로10길 24,중학교,37.49543678,126.9130162
청량중학교,서울특별시 동대문구 왕산로 301,중학교,37.58821921,127.0506225
용강중학교,서울특별시 용산구 이촌로65가길 91,중학교,37.52157693,126.9754853
연서중학교,서울특별시 은평구 증산서길 125-6,중학교,37.58704446,126.9092766
보성중학교,서울특별시 송파구 양재대로 1278,중학교,37.52008989,127.1357293
한양공업고등학교,서울특별시 중구 을지로 299,고등학교,37.5658716,127.0114433
영신간호비즈니스고등학교,서울특별시 노원구 중계로16나길 13,고등학교,37.65245208,127.083205
서울공업고등학교,서울특별시 동작구 대방동1길 46,고등학교,37.50190126,126.9223834
서울신화초등학교,서울특별시 도봉구 우이천로 120,초등학교,37.63319504,127.0408842
서울자양초등학교,서울특별시 광진구 아차산로44길 26,초등학교,37.53698824,127.0797396
서울언주초등학교,서울특별시 강남구 남부순환로363길 19,초등학교,37.486322,127.036793
서울군자초등학교,서울특별시 동대문구 한천로6길 21,초등학교,37.56412232,127.0605233
석관고등학교,서울특별시 성북구 한천로70길 30,고등학교,37.60958929,127.0667176
홍은중학교,서울특별시 서대문구 연희로41길 94,중학교,37.59189151,126.9357524
서울삼광초등학교,서울특별시 용산구 두텁바위로1나길 19,초등학교,37.54775231,126.9765943
한천중학교,서울특별시 노원구 공릉로 265,중학교,37.63131395,127.0724683
서울영풍초등학교,서울특별시 송파구 오금로57길 15,초등학교,37.49622,127.1430148
서울숭신초등학교,서울특별시 성동구 마장로 161,초등학교,37.56781934,127.0278897
서울소의초등학교,서울특별시 마포구 마포대로24길 42,초등학교,37.55278186,126.9606556
인헌고등학교,서울특별시 관악구 인헌9길 74,고등학교,37.47231073,126.9704851
서울도봉초등학교,서울특별시 도봉구 도봉로173길 96,초등학교,37.67996175,127.0382887
화원중학교,서울특별시 강서구 강서로17나길 86,중학교,37.53621409,126.8424164
서울과학고등학교,서울특별시 종로구 혜화로 63,고등학교,37.59154805,126.9984363
한신초등학교,서울특별시 도봉구 노해로49길 69,초등학교,37.65335584,127.0324273
한산중학교,서울특별시 강동구 풍성로 251,중학교,37.52890274,127.1403034
서울명일초등학교,서울특별시 강동구 고덕로38길 8,초등학교,37.5545536,127.1425911
서울우솔초등학교,서울특별시 서초구 양재대로2길 74,초등학교,37.45709258,127.0192756
인왕중학교,서울특별시 서대문구 세검정로4길,중학교,37.59273522,126.9517793
신사중학교,서울특별시 강남구 압구정로 123,중학교,37.52469784,127.0211914
서울아현초등학교,서울특별시 마포구 굴레방로 6,초등학교,37.5558319,126.9562422
서울수락초등학교,서울특별시 노원구 동일로 1745,초등학교,37.68450319,127.0551852
서울신사초등학교,서울특별시 은평구 가좌로 275-2,초등학교,37.5928019,126.9119832
영훈국제중학교,서울특별시 강북구 도봉로13가길 19,중학교,37.61468187,127.0280933
서울창신초등학교,서울특별시 종로구 지봉로 73,초등학교,37.57621147,127.0142837
수락고등학교,서울특별시 노원구 동일로245길 143,고등학교,37.68293167,127.053571
서울항공비즈니스고등학교,서울특별시 강서구 방화대로34길 13,고등학교,37.56921778,126.8170408
신명중학교,서울특별시 강동구 명일로24길 25,중학교,37.54181449,127.1492919
숭의초등학교,서울특별시 중구 소파로2길 10,초등학교,37.55785307,126.9874816
여의도여자고등학교,서울특별시 영등포구 국제금융로7가길 13,고등학교,37.52288764,126.9350871
오남중학교,서울특별시 구로구 오리로9길 25,중학교,37.48705969,126.837249
서울광장초등학교,서울특별시 광진구 광장로1길 27,초등학교,37.54854922,127.1017999
서울행당초등학교,서울특별시 성동구 고산자로8길 6,초등학교,37.55701913,127.0348734
상일여자고등학교,서울특별시 강동구 천호대로219길 61,고등학교,37.54858748,127.1708235
대신중학교,서울특별시 종로구 사직로 9,중학교,37.57310947,126.9612545
서울삼성초등학교,서울특별시 관악구 대학7길 52,초등학교,37.46852204,126.9404929
명덕고등학교,서울특별시 강서구 강서로47길 34-10,고등학교,37.55390749,126.8342914
서울한강초등학교,서울특별시 용산구 한강대로14길 9,초등학교,37.52522655,126.965079
선사고등학교,서울특별시 강동구 고덕로25길 17,고등학교,37.55631588,127.1357998
서울등원초등학교,서울특별시 강서구 화곡로65길 90,초등학교,37.55981354,126.850069
서초고등학교,서울특별시 서초구 반포대로27길 29,고등학교,37.48961169,127.0053782
서울녹번초등학교,서울특별시 은평구 녹번로1길 1,초등학교,37.60458339,126.9257463
삼성고등학교,서울특별시 관악구 신림로 41,고등학교,37.46913998,126.9436438
동구여자중학교,서울특별시 성북구 성북로8길 71,중학교,37.5941935,127.0082153
공항고등학교,서울특별시 강서구 방화대로34길 43,고등학교,37.57046109,126.8185198
서울여자고등학교,서울특별시 마포구 백범로25길 34,고등학교,37.5477805,126.94907
서울장월초등학교,서울특별시 성북구 한천로101길 66,초등학교,37.62194109,127.0471628
노원중학교,서울특별시 노원구 동일로213길 26,중학교,37.64936114,127.059692
서울상지초등학교,서울특별시 마포구 월드컵로42길 30,초등학교,37.57975102,126.8820736
풍납중학교,서울특별시 송파구 올림픽로43길 20,중학교,37.52536544,127.1156283
대경생활과학고등학교,서울특별시 중구 매봉18길 111,고등학교,37.55637326,127.0169792
서울중흥초등학교,서울특별시 중랑구 봉화산로 82,초등학교,37.60167188,127.0841422
서울면북초등학교,서울특별시 중랑구 용마공원로5길 32,초등학교,37.59441816,127.1035478
서울방화초등학교,서울특별시 강서구 양천로6길 92,초등학교,37.56870373,126.8074982
서울청담초등학교,서울특별시 강남구 압구정로71길 9,초등학교,37.52828187,127.045153
서일문화예술고등학교,서울특별시 종로구 지봉로17길 49,고등학교,37.57937936,127.0127598
서울대모초등학교,서울특별시 강남구 광평로20길 27,초등학교,37.48059845,127.0859938
서울오류초등학교,서울특별시 구로구 경인로19길 39,초등학교,37.49752741,126.8420300297
명덕여자중학교,서울특별시 강서구 강서로47길 34-10,중학교,37.55394399,126.8342914
문현고등학교,서울특별시 송파구 충민로 115,고등학교,37.48131355,127.1287623
사당중학교,서울특별시 동작구 사당로9가길 58,중학교,37.48776119,126.9685407
월곡중학교,서울특별시 성북구 장월로 6,중학교,37.60698163,127.0482588
경일중학교,서울특별시 성동구 성수일로 27,중학교,37.54382982,127.0478683
상신중학교,서울특별시 은평구 증산로15길 61,중학교,37.58978547,126.9064249
서울장곡초등학교,서울특별시 성북구 장월로23길 16,초등학교,37.61683137,127.0481552
서울문백초등학교,서울특별시 금천구 시흥대로47길 43-1,초등학교,37.44709025,126.8986974
서울창천초등학교,서울특별시 마포구 백범로1길 56,초등학교,37.55491782,126.9392951
당곡중학교,서울특별시 관악구 봉천로13길 101,중학교,37.4923589,126.9326777
대원고등학교,서울특별시 광진구 용마산로22길 26,고등학교,37.56249279,127.0894374
서울신흥초등학교,서울특별시 금천구 독산로36나길 21,초등학교,37.45934816,126.9093508
한성여자중학교,서울특별시 성북구 삼선교로16길 118,중학교,37.5830649,127.0117427
서울당산초등학교,서울특별시 영등포구 선유로55길 32,초등학교,37.54011912,126.8962411
서울고원초등학교,서울특별시 구로구 경인로46길 13,초등학교,37.49761122,126.8657993
영남중학교,서울특별시 영등포구 대림로31나길 17,중학교,37.49787218,126.8958365
대원국제중학교,서울특별시 광진구 용마산로22길 26,중학교,37.56249279,127.0894181
서울구의초등학교,서울특별시 광진구 광나루로30길 49,초등학교,37.54300899,127.0803118
태릉고등학교,서울특별시 중랑구 신내로23길 36,고등학교,37.61916383,127.0855576
강명중학교,서울특별시 강동구 상일로12길 56,중학교,37.5554045,127.1750136
서울디지텍고등학교,서울특별시 용산구 회나무로12길 27,고등학교,37.53896942,126.9906121
서울등양초등학교,서울특별시 강서구 강서로56나길 140,초등학교,37.56494704,126.8447602
중앙여자중학교,서울특별시 서대문구 북아현로11가길 7,중학교,37.56317672,126.9540593
동북고등학교,서울특별시 강동구 강동대로 305,고등학교,37.52024061,127.1394507
화랑초등학교,서울특별시 노원구 화랑로 621,초등학교,37.62878266,127.0889915
서울방산초등학교,서울특별시 송파구 오금로27길 42,초등학교,37.50955532,127.1210892
서울등서초등학교,서울특별시 강서구 화곡로58길 86,초등학교,37.55188439,126.8550381
중암중학교,서울특별시 마포구 월드컵북로38길 25,중학교,37.57243177,126.9035851
상계고등학교,서울특별시 노원구 노해로 432,고등학교,37.65272468,127.0554534
목운중학교,서울특별시 양천구 목동동로 235,중학교,37.52700952,126.8730442
서울당곡초등학교,서울특별시 관악구 보라매로2길 23,초등학교,37.49016812,126.9303698
서울매동초등학교,서울특별시 종로구 사직로9길 19,초등학교,37.57749965,126.9669415
명일중학교,서울특별시 강동구 양재대로156길 57,중학교,37.55759545,127.1472905
서울잠신초등학교,서울특별시 송파구 잠실로 32,초등학교,37.51411407,127.0879435
신창중학교,서울특별시 노원구 월계로45길 92,중학교,37.6285588,127.0474776
서울양동초등학교,서울특별시 양천구 오목로23길 24,초등학교,37.52584826,126.8512402
오륜중학교,서울특별시 송파구 양재대로 1242,중학교,37.51632395,127.1389238
상명대학교사범대학부속여자고등학교,서울특별시 종로구 홍지문2길 20,고등학교,37.60410891,126.9551595
서울영상고등학교,서울특별시 양천구 목동로11길 46,고등학교,37.52330444,126.8602935
서울강남초등학교,서울특별시 동작구 강남초등길 15,초등학교,37.50619275,126.9533591
서울상봉초등학교,서울특별시 중랑구 동일로126가길 11,초등학교,37.59797895,127.0831714
서울원광초등학교,서울특별시 노원구 덕릉로76길 18,초등학교,37.65431092,127.0749142
서울월계초등학교,서울특별시 노원구 월계로45가길 10,초등학교,37.62762424,127.0501876
우신고등학교,서울특별시 구로구 부일로 917,고등학교,37.49490231,126.8263536
세현고등학교,서울특별시 강서구 허준로 227,고등학교,37.56043066,126.8636211
광운중학교,서울특별시 노원구 광운로1길 24,중학교,37.61923977,127.0565452
구로중학교,서울특별시 구로구 구로중앙로 48,중학교,37.49485972,126.8910999
창일중학교,서울특별시 도봉구 노해로66길 60,중학교,37.64898751,127.0469136
서울문정초등학교,서울특별시 송파구 문정로5길 20,초등학교,37.48907284,127.1290135
국사봉중학교,서울특별시 동작구 양녕로20길 20,중학교,37.49353263,126.9440557
압구정중학교,서울특별시 강남구 압구정로 225,중학교,37.53024224,127.0330027
숙명여자중학교,서울특별시 강남구 남부순환로 2807,중학교,37.49147536,127.0526126
서울세곡초등학교,서울특별시 구로구 고척로33길 34,초등학교,37.5050561,126.8491198
서울광진초등학교,서울특별시 광진구 자양로40길 41,초등학교,37.54761146,127.0913325
서울당서초등학교,서울특별시 영등포구 당산로 187,초등학교,37.53202744,126.8998142
동양고등학교,서울특별시 강서구 허준로 50,고등학교,37.56901968,126.8470811
정화여자중학교,서울특별시 동대문구 홍릉로15길 50,중학교,37.58604864,127.0410078
서울대학교사범대학부설고등학교,서울특별시 성북구 월곡로 6,고등학교,37.59472384,127.0381204
위례솔중학교,서울특별시 송파구 위례북로2길 10,중학교,37.48701307,127.1505867
대광고등학교,서울특별시 동대문구 안암로 6,고등학교,37.57795467,127.0253235
은성중학교,서울특별시 강남구 남부순환로359길 36,중학교,37.48837857,127.0352324
서울오금초등학교,서울특별시 송파구 위례성대로22길 11,초등학교,37.50886634,127.1323312
서울구암초등학교,서울특별시 관악구 구암길 1,초등학교,37.48921747,126.9462717
경동고등학교,서울특별시 성북구 보문로29길 49,고등학교,37.58669797,127.0163213
서울창서초등학교,서울특별시 서대문구 연세로5나길 30-3,초등학교,37.55814305,126.9334809
세그루패션디자인고등학교,서울특별시 도봉구 시루봉로 53,고등학교,37.65634868,127.0268766
서울성내초등학교,서울특별시 강동구 성내로3길 19,초등학교,37.53135786,127.1225001
상명초등학교,서울특별시 노원구 덕릉로 541,초등학교,37.64872348,127.0669678
서울역촌초등학교,서울특별시 은평구 은평로3길 25,초등학교,37.60158417,126.913928
서울언남초등학교,서울특별시 서초구 헌릉로8길 42,초등학교,37.45380928,127.0614475
연신중학교,서울특별시 은평구 연서로33길 16-32,중학교,37.62353926,126.9242879
서울염리초등학교,서울특별시 마포구 토정로37길 37,초등학교,37.54271029,126.945999
서울신정초등학교,서울특별시 강서구 곰달래로31가길 27,초등학교,37.53207171,126.8523579
서울대명초등학교,서울특별시 강동구 상암로 271,초등학교,37.54766615,127.1532897
성내중학교,서울특별시 강동구 성안로7길 36,중학교,37.52906191,127.1291173
숭의여자중학교,서울특별시 동작구 여의대방로36길 79,중학교,37.50736414,126.9292433
서울고명초등학교,서울특별시 강동구 고덕로46길 53,초등학교,37.55297253,127.1474362
서울원촌초등학교,서울특별시 서초구 사평대로45길 26,초등학교,37.50618948,127.0125656
서울한남초등학교,서울특별시 용산구 한남대로 112,초등학교,37.53920365,127.0055998
서울구산초등학교,서울특별시 은평구 서오릉로15길 16,초등학교,37.61275096,126.9093765
신도림고등학교,서울특별시 구로구 경인로67길 159,고등학교,37.51406292,126.8820838
서울가원초등학교,서울특별시 송파구 중대로4길 8,초등학교,37.48944215,127.1110274
목동중학교,서울특별시 양천구 목동동로 172,중학교,37.5209572,126.8714631
중앙중학교,서울특별시 종로구 창덕궁길 164,중학교,37.58378822,126.9874726
서울신성초등학교,서울특별시 관악구 신림로 114,초등학교,37.47200331,126.9367542
서울마천초등학교,서울특별시 송파구 마천로61다길 24,초등학교,37.49550545,127.1526295
서울장평초등학교,서울특별시 동대문구 답십리로69길 27,초등학교,37.57399502,127.073891
서울잠동초등학교,서울특별시 송파구 올림픽로35길 122,초등학교,37.51833846,127.099931
온곡중학교,서울특별시 노원구 노원로 492,중학교,37.66058142,127.0643327
구암고등학교,서울특별시 관악구 성현로 57,고등학교,37.49244195,126.949625
서울북한산초등학교,서울특별시 은평구 대서문길 42-3,초등학교,37.65363208,126.9504624
길음중학교,서울특별시 성북구 길음로 144,중학교,37.61409036,127.0174557
정신여자중학교,서울특별시 송파구 올림픽로4길 16,중학교,37.50945384,127.0738473
서울송례초등학교,서울특별시 송파구 위례순환로 439,초등학교,37.4778913,127.1384402
송례중학교,서울특별시 송파구 위례순환로 429,중학교,37.47783301,127.1397415
원촌중학교,서울특별시 서초구 사평대로45길 10,중학교,37.5063251,127.0146997
남성중학교,서울특별시 동작구 남부순환로269길 166,중학교,37.47900822,126.972489
정신여자고등학교,서울특별시 송파구 올림픽로4길 16,고등학교,37.50945384,127.0738473
서울유현초등학교,서울특별시 강북구 인수봉로37길 24,초등학교,37.63234717,127.011421
서울상원초등학교,서울특별시 노원구 한글비석로54길 119,초등학교,37.66763033,127.0597173
한성고등학교,서울특별시 서대문구 북아현로1길 24,고등학교,37.55909644,126.9544615
미림여자고등학교,서울특별시 관악구 호암로 546,고등학교,37.4661018,126.9319279
혜원여자고등학교,서울특별시 중랑구 봉우재로58길 39,고등학교,37.59327987,127.0970427
광운인공지능고등학교,서울특별시 노원구 광운로1길 24,고등학교,37.61923977,127.0565452
서울대치초등학교,서울특별시 강남구 양재천로 363,초등학교,37.49127807,127.0621964
서울위례솔초등학교,서울특별시 송파구 위례북로2길 12,초등학교,37.48701307,127.1505867
인헌중학교,서울특별시 관악구 인헌9길 35,중학교,37.47269621,126.9688402
은광여자고등학교,서울특별시 강남구 남부순환로359길 36,고등학교,37.48837857,127.0352324
동명여자고등학교,서울특별시 은평구 통일로 793,고등학교,37.61441879,126.9228204
잠실중학교,서울특별시 송파구 올림픽로35길 130,중학교,37.51781757,127.0986662
장평중학교,서울특별시 동대문구 답십리로72길 158,중학교,37.56685961,127.0704776
신구중학교,서울특별시 강남구 압구정로36길 17,중학교,37.52744229,127.0316727
서울남천초등학교,서울특별시 송파구 성내천로 207,초등학교,37.50144683,127.1507951
서울온곡초등학교,서울특별시 노원구 한글비석로52길 59,초등학교,37.66754054,127.0659829
경원중학교,서울특별시 서초구 신반포로33길 39,중학교,37.5115816,127.0090183
금옥중학교,서울특별시 양천구 신정로 213,중학교,37.51096532,126.8439717
송파중학교,서울특별시 송파구 동남로 203,중학교,37.49592462,127.1299138
서문여자중학교,서울특별시 서초구 동광로12길 84,중학교,37.48891973,126.9845622
서울금화초등학교,서울특별시 서대문구 통일로 165,초등학교,37.56882755,126.9629414
당곡고등학교,서울특별시 관악구 봉천로21길 108,고등학교,37.49176034,126.9342464
성동고등학교,서울특별시 중구 퇴계로90길 17,고등학교,37.56411643,127.0223892
석촌중학교,서울특별시 송파구 송이로15길 13,중학교,37.50145499,127.1211174
용화여자고등학교,서울특별시 노원구 동일로 1461,고등학교,37.65913138,127.0582807
상원중학교,서울특별시 노원구 수락산로 182,중학교,37.67176621,127.0595044
대진고등학교,서울특별시 노원구 공릉로62가길 47,고등학교,37.63780685,127.0760900225
서울광희초등학교,서울특별시 중구 다산로 269,초등학교,37.56729928,127.0156879
서울방일초등학교,서울특별시 서초구 방배로18길 52,초등학교,37.4852056,126.998849
서울영중초등학교,서울특별시 영등포구 양산로 185,초등학교,37.5241433,126.9036955
서울행림초등학교,서울특별시 동작구 솔밭로 47,초등학교,37.48280761,126.9649643
중계중학교,서울특별시 노원구 덕릉로76길 23,중학교,37.65563822,127.0752409
서울상현초등학교,서울특별시 동작구 상도로58길 21,초등학교,37.49487439,126.9526884
오류고등학교,서울특별시 구로구 오리로21길 2,고등학교,37.50035507,126.827683
방원중학교,서울특별시 강서구 금낭화로 268,중학교,37.57597576,126.8086174
항동중학교,서울특별시 구로구 연동로 239-2,중학교,37.48285456,126.8201900079
봉화중학교,서울특별시 중랑구 망우로70길 89,중학교,37.59582753,127.1043156
덕원여자고등학교,서울특별시 강서구 강서로45길 91-44,고등학교,37.54862258,126.8290245
서울청량초등학교,서울특별시 동대문구 회기로25길 31,초등학교,37.5923094,127.0559085
동국대학교사범대학부속중학교,서울특별시 동대문구 장안벚꽃로 201,중학교,37.57804718,127.0751705
경희고등학교,서울특별시 동대문구 경희대로 26,고등학교,37.59394914,127.054891
서울문성초등학교,서울특별시 금천구 시흥대로 460,초등학교,37.47491196,126.8994492
서울옥수초등학교,서울특별시 성동구 금호로1길 25,초등학교,37.54552939,127.0218696
서울숭인초등학교,서울특별시 성북구 오패산로16길 37,초등학교,37.6091602,127.0382341
인덕과학기술고등학교,서울특별시 노원구 초안산로 12,고등학교,37.63034387,127.0544999
서울신림초등학교,서울특별시 관악구 문성로28길 31,초등학교,37.47711985,126.9268767
고척고등학교,서울특별시 구로구 중앙로15길 162,고등학교,37.50804938,126.8498691
서울숭미초등학교,서울특별시 도봉구 노해로 179,초등학교,37.65102344,127.0279443
한성과학고등학교,서울특별시 서대문구 통일로 279-79,고등학교,37.57543617,126.9523709
서울신학초등학교,서울특별시 도봉구 방학로 247-21,초등학교,37.66122045,127.0257213
양재고등학교,서울특별시 서초구 남부순환로346길 9,고등학교,37.48242164,127.0320796
거원중학교,서울특별시 송파구 양산로2길 30,중학교,37.48772386,127.1465491
무학중학교,서울특별시 성동구 행당로 120,중학교,37.55768336,127.0319746
등촌중학교,서울특별시 강서구 공항대로 484-12,중학교,37.55248221,126.8592148
서울지향초등학교,서울특별시 양천구 신정로11길 74,초등학교,37.51283768,126.8370238
양천중학교,서울특별시 양천구 지양로7길 32,중학교,37.51900116,126.8305508
서울월곡초등학교,서울특별시 성북구 장월로3길 42,초등학교,37.61002442,127.046081
서울구로초등학교,서울특별시 구로구 구로중앙로27나길 9,초등학교,37.49746187,126.8865543
동원중학교,서울특별시 중랑구 양원역로 32,중학교,37.60380725,127.1094981
서울후암초등학교,서울특별시 용산구 두텁바위로 140,초등학교,37.55136541,126.9817243
누원고등학교,서울특별시 도봉구 마들로 849,고등학교,37.68556896,127.0499327
서울문창초등학교,서울특별시 동작구 신대방2길 14,초등학교,37.48898483,126.9148407
영훈고등학교,서울특별시 강북구 도봉로13가길 19,고등학교,37.61468187,127.0280933
영등포공업고등학교,서울특별시 강서구 허준로5길 15,고등학교,37.56983562,126.8500283
동북초등학교,서울특별시 도봉구 시루봉로 53,초등학교,37.65634868,127.0268766
면목고등학교,서울특별시 중랑구 용마산로72길 36-14,고등학교,37.58466341,127.0972706
서울도곡초등학교,서울특별시 강남구 선릉로64길 33,초등학교,37.49951141,127.0544655
덕성여자고등학교,서울특별시 종로구 율곡로3길 50,고등학교,37.57776082,126.9835581
서울개원초등학교,서울특별시 강남구 선릉로 29,초등학교,37.48161842,127.0587363
우신중학교,서울특별시 구로구 부일로 917,중학교,37.49490231,126.8263536
은평고등학교,서울특별시 은평구 갈현로15길 47,고등학교,37.60984462,126.9057368
서울신현초등학교,서울특별시 중랑구 봉화산로 188,초등학교,37.60581459,127.0935852
서울신창초등학교,서울특별시 도봉구 덕릉로60길 93,초등학교,37.63659186,127.0420843
서울용강초등학교,서울특별시 마포구 백범로17길 9,초등학교,37.54910215,126.9440443
서문여자고등학교,서울특별시 서초구 동광로12길 84,고등학교,37.48891973,126.9845458
등원중학교,서울특별시 강서구 화곡로65길 50,중학교,37.55971763,126.8516806
서울이수초등학교,서울특별시 서초구 방배천로4길 23,초등학교,37.47837133,126.9844171
서울신북초등학교,서울특별시 마포구 월드컵북로38길 26,초등학교,37.57110496,126.9053603
성남중학교,서울특별시 동작구 대방동길 74,중학교,37.50528157,126.9266153
영란여자중학교,서울특별시 중랑구 망우로73길 56,중학교,37.6031324,127.1053324
대원외국어고등학교,서울특별시 광진구 용마산로22길 26,고등학교,37.56249279,127.0894374
서울가곡초등학교,서울특별시 강서구 공항대로36길 74,초등학교,37.55570761,126.8361031
서울정덕초등학교,서울특별시 성북구 아리랑로 63,초등학교,37.59823995,127.0134213
불암중학교,서울특별시 노원구 한글비석로5길 45,중학교,37.64573547,127.0734572
상봉중학교,서울특별시 중랑구 상봉중앙로8나길 28,중학교,37.60152799,127.0901246
서울진관초등학교,서울특별시 은평구 진관4로 78-16,초등학교,37.64543483,126.9292124
삼정중학교,서울특별시 강서구 금낭화로 210,중학교,37.5814869,126.8106015
서울숭례초등학교,서울특별시 성북구 종암로5길 14,초등학교,37.59452119,127.0352972
서울동의초등학교,서울특별시 광진구 영화사로 111,초등학교,37.55342244,127.0990473
서울동산고등학교,서울특별시 노원구 공릉로 257,고등학교,37.63077798,127.0739984
서울가양초등학교,서울특별시 강서구 허준로 186,초등학교,37.56221719,126.8585216
천일중학교,서울특별시 강동구 천중로 57,중학교,37.54590987,127.1276362
광양중학교,서울특별시 광진구 자양로3길 7,중학교,37.53089134,127.0861699868
서울염경초등학교,서울특별시 강서구 양천로69길 49,초등학교,37.55500067,126.8712046
동광초등학교,서울특별시 금천구 탑골로10길 45,초등학교,37.45199688,126.9158199
청원초등학교,서울특별시 노원구 한글비석로 506,초등학교,37.66525155,127.0625329
서울거원초등학교,서울특별시 송파구 양산로2길 26,초등학교,37.48762503,127.144909
서울대학교사범대학부설초등학교,서울특별시 종로구 대학로 64,초등학교,37.5775997,127.0042955
숭의여자고등학교,서울특별시 동작구 여의대방로36길 79,고등학교,37.50736414,126.9292433
세화여자중학교,서울특별시 서초구 신반포로 56-7,중학교,37.5019828,126.9942300139
영락고등학교,서울특별시 관악구 청룡16길 25,고등학교,37.47654259,126.9454164
오주중학교,서울특별시 송파구 동남로 281,중학교,37.50150661,127.1362653
봉원중학교,서울특별시 관악구 관악로24가길 15,중학교,37.48410274,126.9588909
서울송정초등학교,서울특별시 강서구 공항대로3길 18,초등학교,37.56223089,126.8102813
서울정화고등학교,서울특별시 동대문구 홍릉로15길 50,고등학교,37.58604864,127.0410703
청원고등학교,서울특별시 노원구 한글비석로 506,고등학교,37.66525155,127.0625329
난우중학교,서울특별시 관악구 난곡로16길 32,중학교,37.46680396,126.9228283
서운중학교,서울특별시 서초구 서운로 115,중학교,37.49394851,127.0245382
서울난향초등학교,서울특별시 관악구 난향길 9,초등학교,37.46282189,126.9183368
신도림중학교,서울특별시 구로구 경인로63길 74,중학교,37.51074073,126.8848071
서울면남초등학교,서울특별시 중랑구 면목로30나길 38,초등학교,37.57725972,127.0876664
효문고등학교,서울특별시 도봉구 우이천로 432,고등학교,37.65269871,127.0184005
서울개봉초등학교,서울특별시 구로구 개봉로16길 30-11,초등학교,37.48952491,126.857976
서울양화초등학교,서울특별시 양천구 목동중앙북로16길 57,초등학교,37.5436693,126.873986
은석초등학교,서울특별시 동대문구 장안벚꽃로 205,초등학교,37.57855999,127.0757616
서울상수초등학교,서울특별시 노원구 동일로216길 66,초등학교,37.65110502,127.0647586
신현중학교,서울특별시 중랑구 봉화산로 162,중학교,37.60441346,127.0915328
서울송화초등학교,서울특별시 강서구 방화대로34길 2,초등학교,37.56769447,126.8168745
오금중학교,서울특별시 송파구 오금로35길 20,중학교,37.50527064,127.1288011
서울신답초등학교,서울특별시 동대문구 천호대로 177,초등학교,37.57270461,127.0429617
염창중학교,서울특별시 강서구 양천로67가길 83,중학교,37.55426407,126.8717473
서울원당초등학교,서울특별시 관악구 봉천로 505,초등학교,37.48128046,126.9562493
현대고등학교,서울특별시 강남구 압구정로 127,고등학교,37.5254805,127.0223773
송정중학교,서울특별시 강서구 남부순환로 121,중학교,37.55315807,126.8152435
서울독산초등학교,서울특별시 금천구 시흥대로104길 31,초등학교,37.46565691,126.8997128
명덕여자고등학교,서울특별시 강서구 강서로47길 34-10,고등학교,37.55394399,126.8342914
서울서빙고초등학교,서울특별시 용산구 서빙고로51길 14,초등학교,37.52206892,126.9923004
남강고등학교,서울특별시 관악구 난곡로34길 80,고등학교,37.47137567,126.9249091
신연중학교,서울특별시 서대문구 모래내로 408,중학교,37.58271543,126.9398364
강일중학교,서울특별시 강동구 고덕로27길 12,중학교,37.5553497,127.1382586
서울면일초등학교,서울특별시 중랑구 용마산로100길 13,초등학교,37.5920416,127.0997947
홍익대학교사범대학부속여자중학교,서울특별시 마포구 성미산로 51,중학교,37.55964474,126.9132084
신림고등학교,서울특별시 관악구 문성로 119,고등학교,37.47921049,126.9169672
대일고등학교,서울특별시 강서구 등촌로35길 90,고등학교,37.53958612,126.8625699
서울광남초등학교,서울특별시 광진구 아차산로70길 35,초등학교,37.54078809,127.1006653
광신방송예술고등학교,서울특별시 관악구 광신길 141,고등학교,37.4644762,126.9259406
가락중학교,서울특별시 송파구 송이로 45,중학교,37.50248553,127.1187527
서울강서초등학교,서울특별시 양천구 오목로 31,초등학교,37.52241272,126.8409879
서울목원초등학교,서울특별시 양천구 목동중앙로 204,초등학교,37.54291947,126.8824459
성심여자중학교,서울특별시 용산구 원효로19길 49,중학교,37.53420937,126.9545934
서울가주초등학교,서울특별시 송파구 오금로40길 37,초등학교,37.49656722,127.1292617
선덕고등학교,서울특별시 도봉구 시루봉로 53,고등학교,37.65634868,127.0268766
서울자곡초등학교,서울특별시 강남구 자곡로 150,초등학교,37.47219072,127.0996665
서울논현초등학교,서울특별시 강남구 강남대로120길 33,초등학교,37.5084232,127.0262229
서울구룡초등학교,서울특별시 강남구 개포로 263,초등학교,37.48119739,127.0517714
서울독립문초등학교,서울특별시 종로구 통일로12길 23,초등학교,37.57421553,126.9599722
서울신내초등학교,서울특별시 중랑구 용마산로125나길 22,초등학교,37.60493422,127.1001285
서울중곡초등학교,서울특별시 중랑구 면목로23길 20,초등학교,37.57489173,127.083439
원묵고등학교,서울특별시 중랑구 숙선옹주로 82,고등학교,37.61523231,127.0855078
서울전농초등학교,서울특별시 동대문구 사가정로 66,초등학교,37.57473031,127.0543331
서울공진초등학교,서울특별시 강서구 마곡서로 33,초등학교,37.55780477,126.8226104
서울영화초등학교,서울특별시 동작구 등용로8길 3,초등학교,37.50890811,126.9329735
봉영여자중학교,서울특별시 양천구 목동동로2길 68,중학교,37.50921598,126.8601984
서울잠실초등학교,서울특별시 송파구 올림픽로35길 20,초등학교,37.52010753,127.1113114
서울불광초등학교,서울특별시 은평구 불광로 51,초등학교,37.61342945,126.9307187
서울잠일초등학교,서울특별시 송파구 올림픽로 95,초등학교,37.51474166,127.0816362
홍익디자인고등학교,서울특별시 마포구 성미산로 111,고등학교,37.56351064,126.9191663
서울명신초등학교,서울특별시 종로구 낙산길 250,초등학교,37.58146865,127.0146229
등명중학교,서울특별시 강서구 공항대로39길 39,중학교,37.56019335,126.8433041
서울서원초등학교,서울특별시 서초구 고무래로 63,초등학교,37.5024389,127.0146195
서울신곡초등학교,서울특별시 강서구 등촌로13자길 42-14,초등학교,37.53909546,126.8560096
단국대학교사범대학부속고등학교,서울특별시 강남구 도곡로64길 21,고등학교,37.49561749,127.0577682
안천중학교,서울특별시 금천구 한내로 69-44,중학교,37.45952426,126.8874988
서울중평초등학교,서울특별시 노원구 섬밭로 241,초등학교,37.63753357,127.0639651
서울신용산초등학교,서울특별시 용산구 이촌로 255,초등학교,37.52062959,126.9753663
경인고등학교,서울특별시 구로구 경인로46길 31,고등학교,37.49599268,126.8654289
전일중학교,서울특별시 동대문구 사가정로13길 67,중학교,37.58250018,127.0583795
서울자운초등학교,서울특별시 도봉구 마들로13길 166,초등학교,37.65801094,127.0466811
서울신당초등학교,서울특별시 중구 난계로 141,초등학교,37.56362621,127.0236731
서울용동초등학교,서울특별시 노원구 한글비석로1길 81-11,초등학교,37.64108381,127.0690818
서울중현초등학교,서울특별시 노원구 섬밭로 181,초등학교,37.63251462,127.0659521
신원중학교,서울특별시 양천구 가로공원로55길 19,중학교,37.5370925,126.8248419
서울방현초등학교,서울특별시 서초구 효령로4길 58,초등학교,37.47650298,126.9900734
덕수고등학교,서울특별시 송파구 위례북로 10,고등학교,37.48528924,127.1468965
서울삼정초등학교,서울특별시 강서구 금낭화로 222,초등학교,37.58050843,126.8104937
서울덕의초등학교,서울특별시 구로구 고척로 213,초등학교,37.50605683,126.857346
동명생활경영고등학교,서울특별시 은평구 통일로 793,고등학교,37.61441879,126.9228204
서울상계초등학교,서울특별시 노원구 상계로9길 39,초등학교,37.65962546,127.066495
고려대학교사범대학부속고등학교,서울특별시 성북구 정릉로 161,고등학교,37.60783857,127.0028302
상도중학교,서울특별시 동작구 사당로2가길 72,중학교,37.4909219,126.9614756
서울영동초등학교,서울특별시 영등포구 국회대로53길 20,초등학교,37.52700691,126.9077034
서울용산초등학교,서울특별시 용산구 한강대로57길 33,초등학교,37.53561344,126.9725506
덕산중학교,서울특별시 은평구 가좌로 400,중학교,37.6022574,126.9046771
서울중계초등학교,서울특별시 노원구 한글비석로19길 39,초등학교,37.65784243,127.0733117
서울면동초등학교,서울특별시 중랑구 면목로57길 32,초등학교,37.58535152,127.0865922
고명외식고등학교,서울특별시 성북구 북악산로 870,고등학교,37.59767468,127.0191869
상명대학교사범대학부속여자중학교,서울특별시 종로구 홍지문2길 20,중학교,37.60410891,126.9551595
상명대학교사범대학부속초등학교,서울특별시 종로구 홍지문2길 1,초등학교,37.60044056,126.9567149
동국대학교사범대학부속고등학교,서울특별시 동대문구 장안벚꽃로 201,고등학교,37.57804718,127.075133
가재울고등학교,서울특별시 서대문구 수색로 100-35,고등학교,37.57444587,126.9094148
서울외국어고등학교,서울특별시 도봉구 덕릉로66길 22,고등학교,37.64578079,127.0515087
서라벌고등학교,서울특별시 노원구 한글비석로5길 18,고등학교,37.64525653,127.0758406
서울신양초등학교,서울특별시 광진구 능동로 42,초등학교,37.53462395,127.0699953
서울포이초등학교,서울특별시 강남구 개포로22길 87,초등학교,37.47591562,127.0525106
서울혜화초등학교,서울특별시 종로구 혜화로 32,초등학교,37.58863443,127.0002536
송곡여자고등학교,서울특별시 중랑구 양원역로 67,고등학교,37.60668904,127.1051455
신정여자중학교,서울특별시 강서구 등촌로13아길 20,중학교,37.53838143,126.8570622
서울금천초등학교,서울특별시 금천구 탑골로5길 60,초등학교,37.45481034,126.9128749
서울윤중초등학교,서울특별시 영등포구 여의나루로2길 14,초등학교,37.51964164,126.9225908
휘경공업고등학교,서울특별시 동대문구 겸재로 21,고등학교,37.58521558,127.0697283
서울개웅초등학교,서울특별시 구로구 개봉로11길 98,초등학교,37.48857132,126.8499823
서울흑석초등학교,서울특별시 동작구 현충로 87,초등학교,37.50829272,126.9651701
고명중학교,서울특별시 성북구 북악산로 870,중학교,37.59767468,127.0191869
배명고등학교,서울특별시 송파구 삼학사로 11,고등학교,37.4976895,127.0958118
상암고등학교,서울특별시 마포구 월드컵북로 445,고등학교,37.58138322,126.8833945
명덕외국어고등학교,서울특별시 강서구 강서로47길 34-10,고등학교,37.55394399,126.8342914
선일초등학교,서울특별시 은평구 갈현로29길 27,초등학교,37.62030421,126.9119931
서울공덕초등학교,서울특별시 마포구 만리재옛길 13,초등학교,37.54580335,126.9548231
서울증산초등학교,서울특별시 은평구 증산서길 61,초등학교,37.58256527,126.9042764
북서울중학교,서울특별시 도봉구 도봉로169가길 33,중학교,37.68154186,127.0428342
서울길동초등학교,서울특별시 강동구 양재대로116길 69,초등학교,37.5385062,127.1449729
서울신남초등학교,서울특별시 양천구 남부순환로83길,초등학교,37.51652866,126.8447962
서울잠현초등학교,서울특별시 송파구 올림픽로37길 109,초등학교,37.52258587,127.1047786
서울홍은초등학교,서울특별시 서대문구 세검정로 105,초등학교,37.59754027,126.949458
서울이태원초등학교,서울특별시 용산구 녹사평대로40길 19,초등학교,37.53647771,126.9876727
서울원효초등학교,서울특별시 용산구 효창원로13길 38,초등학교,37.53616126,126.9515453
수송중학교,서울특별시 강북구 한천로122길 21,중학교,37.63680065,127.0339176
보성여자중학교,서울특별시 용산구 신흥로3가길 66,중학교,37.54308154,126.9842842
서울창도초등학교,서울특별시 도봉구 방학로 32-28,초등학교,37.66413487,127.048784
신상중학교,서울특별시 노원구 동일로216길 42,중학교,37.65190308,127.0639869
상경중학교,서울특별시 노원구 동일로227길 61,중학교,37.66714877,127.0537053
서울석계초등학교,서울특별시 성북구 한천로58길 273,초등학교,37.60881368,127.0697321
배화여자고등학교,서울특별시 종로구 필운대로1길 34,고등학교,37.57954401,126.9672919
서울경일초등학교,서울특별시 성동구 뚝섬로 332,초등학교,37.5409419,127.0466051
서울망우초등학교,서울특별시 중랑구 망우로72길 49,초등학교,37.59873698,127.1038418
서울길원초등학교,서울특별시 성북구 길음로15길 55,초등학교,37.60906464,127.0167996
세종과학고등학교,서울특별시 구로구 오리로21길 79,고등학교,37.4975694,126.8273517
서울공릉초등학교,서울특별시 노원구 동일로173길 12,초등학교,37.61861443,127.0746314
서울개포초등학교,서울특별시 강남구 삼성로4길 30,초등학교,37.48662512,127.070767
서울화계초등학교,서울특별시 강북구 솔매로50가길 25,초등학교,37.62388498,127.0297162
영락의료과학고등학교,서울특별시 관악구 청룡16길 25,고등학교,37.47658804,126.9454164
휘문중학교,서울특별시 강남구 역삼로 541,중학교,37.50528945,127.0619841
서울사당초등학교,서울특별시 관악구 남현4길 51,초등학교,37.47383628,126.9733501
문일중학교,서울특별시 금천구 시흥대로47길 45,중학교,37.44891526,126.8987207
서울신원초등학교,서울특별시 양천구 남부순환로58길 32,초등학교,37.52950283,126.829855
서울미술고등학교,서울특별시 관악구 남부순환로247길 26,고등학교,37.47669631,126.9667485
서울목동초등학교,서울특별시 양천구 목동동로12길 12,초등학교,37.52280877,126.8721195
서울거여초등학교,서울특별시 송파구 마천로25길 18,초등학교,37.50516942,127.1409011
서울잠원초등학교,서울특별시 서초구 신반포로16길 15-25,초등학교,37.501859,126.9980966
가락고등학교,서울특별시 송파구 송이로 42,고등학교,37.50107579,127.1164258
경희초등학교,서울특별시 동대문구 경희대로 26,초등학교,37.59394914,127.054891
전동중학교,서울특별시 동대문구 장안벚꽃로 291,중학교,37.58619359,127.0709291
서울대도초등학교,서울특별시 강남구 선릉로 209,초등학교,37.49260076,127.0533774
서울을지초등학교,서울특별시 노원구 중계로 239,초등학교,37.65058885,127.0730918
서울금산초등학교,서울특별시 금천구 시흥대로24길 57,초등학교,37.44144269,126.9080871
이화여자대학교사범대학부속초등학교,서울특별시 서대문구 성산로 512-39,초등학교,37.56115022,126.9427504
서서울생활과학고등학교,서울특별시 구로구 오리로 1355-10,고등학교,37.50382919,126.8282007
서울잠전초등학교,서울특별시 송파구 올림픽로12길 51,초등학교,37.50733791,127.0838499
서울하늘초등학교,서울특별시 마포구 월드컵북로 502-14,초등학교,37.5858088,126.8808619
배문고등학교,서울특별시 용산구 효창원로 258,고등학교,37.54999783,126.9639041
휘경여자중학교,서울특별시 동대문구 한천로 247,중학교,37.58190052,127.0674341
서울신상계초등학교,서울특별시 노원구 상계로 267,초등학교,37.66751782,127.0758263
서울교육대학교부설초등학교,서울특별시 서초구 서초중앙로 96,초등학교,37.49074049,127.0154245
서울서신초등학교,서울특별시 은평구 은평터널로 150,초등학교,37.59229405,126.9073823
오산고등학교,서울특별시 용산구 보광로7길 17,고등학교,37.52350529,127.0008872
서라벌중학교,서울특별시 강북구 삼양로155길 37-9,중학교,37.65698403,127.0114883
서울여의도초등학교,서울특별시 영등포구 여의대방로 439,초등학교,37.52320482,126.9367944
오금고등학교,서울특별시 송파구 중대로 247,고등학교,37.50453217,127.128969
용곡중학교,서울특별시 광진구 용마산로22길 76,중학교,37.56595126,127.0890896
서울남부초등학교,서울특별시 관악구 남부순환로163길 14,초등학교,37.48511944,126.9221838
서울신중초등학교,서울특별시 서초구 남부순환로317길 15,초등학교,37.48015788,127.0093433
숭곡중학교,서울특별시 성북구 종암로 208,중학교,37.60847848,127.0312998
서울삼육초등학교,서울특별시 동대문구 회기로10길 63,초등학교,37.5887715,127.0471713
이화여자대학교사범대학부속이화금란고등학교,서울특별시 서대문구 성산로 560,고등학교,37.56638886,126.9473028
서울방이초등학교,서울특별시 송파구 위례성대로10길 4,초등학교,37.51343915,127.1204994
구일고등학교,서울특별시 구로구 구일로 90-51,고등학교,37.49350529,126.8746185
서울신방학초등학교,서울특별시 도봉구 시루봉로 173,초등학교,37.66668425,127.0289181
개운중학교,서울특별시 성북구 북악산로 935,중학교,37.59462665,127.0248421
서울남정초등학교,서울특별시 용산구 원효로64길 17-10,초등학교,37.53567383,126.9648037
한영외국어고등학교,서울특별시 강동구 동남로 832,고등학교,37.54914056,127.1577731
서울우장초등학교,서울특별시 강서구 화곡로 263,초등학교,37.54963819,126.8459842
서울여자상업고등학교,서울특별시 관악구 관악로 85,고등학교,37.47290457,126.9509181
혜성여자고등학교,서울특별시 노원구 노원로16길 2,고등학교,37.64055021,127.0736197
서울새솔초등학교,서울특별시 중랑구 신내역로1길 164,초등학교,37.61798909,127.1113284
명지중학교,서울특별시 서대문구 명지2길 56,중학교,37.58491135,126.9270902
대광중학교,서울특별시 동대문구 안암로 6,중학교,37.57795467,127.0253235
서울연희초등학교,서울특별시 서대문구 연희로 136,초등학교,37.56904593,126.9341423
청담중학교,서울특별시 강남구 압구정로61길 36,중학교,37.52865979,127.0448101
경희여자중학교,서울특별시 동대문구 경희대로 26,중학교,37.59394914,127.054891
충암고등학교,서울특별시 은평구 가좌로5길 5,고등학교,37.58464029,126.9218095
배문중학교,서울특별시 용산구 효창원로 258,중학교,37.54991872,126.9639041
서울두산초등학교,서울특별시 금천구 범안로11길 3,초등학교,37.46754839,126.8909461
서울은로초등학교,서울특별시 동작구 서달로 115,초등학교,37.50314888,126.9599535
옥정중학교,서울특별시 성동구 한림말길 11,중학교,37.54167037,127.0129832
신림중학교,서울특별시 관악구 신림로 40,중학교,37.47032734,126.946004
한가람고등학교,서울특별시 양천구 목동서로 15,고등학교,37.53746204,126.8840075
서울송천초등학교,서울특별시 강북구 삼양로20길 29,초등학교,37.6149052,127.0237354
서울창경초등학교,서울특별시 도봉구 도봉로129길 54,초등학교,37.65660218,127.0346025
충암초등학교,서울특별시 은평구 가좌로5길 5,초등학교,37.58464029,126.9218095
상계중학교,서울특별시 노원구 노원로 398,중학교,37.65260154,127.0689222
미림마이스터고등학교,서울특별시 관악구 호암로 546,고등학교,37.4661018,126.9319279
문현중학교,서울특별시 송파구 충민로 99,중학교,37.48058417,127.1279464
동작고등학교,서울특별시 동작구 솔밭로 51,고등학교,37.48260194,126.9650863
관악중학교,서울특별시 관악구 남부순환로237길 60,중학교,37.48125828,126.9619123
휘경여자고등학교,서울특별시 동대문구 한천로 247,고등학교,37.58190052,127.0674341
서울신영초등학교,서울특별시 영등포구 도신로4길 32,초등학교,37.50100602,126.8960948
이화여자대학교사범대학부속이화·금란중학교,서울특별시 서대문구 성산로 520,중학교,37.56264282,126.9444886
서울본동초등학교,서울특별시 동작구 노량진로26길 16-40,초등학교,37.50992508,126.9538508
서울개화초등학교,서울특별시 강서구 양천로 11,초등학교,37.57394373,126.8046464
숭인중학교,서울특별시 동대문구 천호대로47길 34,중학교,37.57392046,127.0440889
역삼중학교,서울특별시 강남구 도곡로43길 10,중학교,37.49593388,127.0488444
영동고등학교,서울특별시 강남구 선릉로 742,고등학교,37.52138901,127.0437393
서울로봇고등학교,서울특별시 강남구 광평로20길 63,고등학교,37.48073174,127.0845761
서울미래초등학교,서울특별시 구로구 새말로 73,초등학교,37.50510665,126.8880137
서울연촌초등학교,서울특별시 노원구 공릉로58길 36,초등학교,37.63441465,127.0725113
서울대학교사범대학부설여자중학교,서울특별시 종로구 대학로 64,중학교,37.5775997,127.0042955
서울가동초등학교,서울특별시 송파구 중대로20길 47,초등학교,37.49741227,127.1300159
서울월촌초등학교,서울특별시 양천구 목동중앙로 132,초등학교,37.54069543,126.876258
서울신길초등학교,서울특별시 동작구 알마타길 16,초등학교,37.51087166,126.9267292
수도전기공업고등학교,서울특별시 강남구 개포로 410,고등학교,37.48493754,127.0644787
서울은정초등학교,서울특별시 양천구 목동남로 85,초등학교,37.51112797,126.8670434
방이중학교,서울특별시 송파구 오금로11길 64,중학교,37.51501058,127.1132445
등촌고등학교,서울특별시 강서구 공항대로39길 115,고등학교,37.56294522,126.8450461
동작중학교,서울특별시 동작구 동작대로39가길 83,중학교,37.49546195,126.9778016
영파여자중학교,서울특별시 송파구 올림픽로 565,중학교,37.53273562,127.1197395
을지중학교,서울특별시 노원구 덕릉로 580,중학교,37.64978791,127.0717084
창문여자고등학교,서울특별시 강북구 월계로 61,고등학교,37.6134057,127.0357962
솔샘중학교,서울특별시 강북구 인수봉로 39,중학교,37.62366717,127.0121792
영서중학교,서울특별시 구로구 도림로20길 35,중학교,37.48911393,126.8956154
덕원예술고등학교,서울특별시 강서구 강서로45길 91-44,고등학교,37.54862258,126.8290245
서울오현초등학교,서울특별시 강북구 월계로 221,초등학교,37.62341912,127.0465761
동산초등학교,서울특별시 중구 매봉18길 109,초등학교,37.55620463,127.0167254
서울미동초등학교,서울특별시 서대문구 충정로 52,초등학교,37.56335057,126.9658506
서울봉현초등학교,서울특별시 관악구 성현로 117,초등학교,37.49124068,126.9555874
서울은평초등학교,서울특별시 은평구 은평로 239,초등학교,37.60230404,126.9340336
서울컨벤션고등학교,서울특별시 강동구 동남로 964,고등학교,37.5592845,127.1580303
성산중학교,서울특별시 마포구 성지1길 32-13,중학교,37.54731637,126.9165628
인수중학교,서울특별시 강북구 인수봉로75길 10,중학교,37.64386667,127.0099213
건국대학교사범대학부속고등학교,서울특별시 광진구 능동로 120,고등학교,37.53918267,127.0747119
문성중학교,서울특별시 금천구 독산로102길 78,중학교,37.4754682,126.9084938
배명중학교,서울특별시 송파구 삼학사로 11,중학교,37.4976895,127.0958118
장승중학교,서울특별시 동작구 장승배기로10가길 25,중학교,37.50314858,126.940834
재현고등학교,서울특별시 노원구 덕릉로82길 64,고등학교,37.66129064,127.0807998
서울영도초등학교,서울특별시 양천구 목동중앙로 70,초등학교,37.53596257,126.871927
태랑중학교,서울특별시 노원구 화랑로51나길 51,중학교,37.62698409,127.0913718
한양대학교사범대학부속중학교,서울특별시 성동구 마조로 42,중학교,37.56191884,127.042324
서울선유초등학교,서울특별시 영등포구 선유로43가길 14,초등학교,37.53287919,126.8927768
서울은진초등학교,서울특별시 은평구 진관1로 21-20,초등학교,37.63303012,126.920996
난곡중학교,서울특별시 금천구 문성로 67,중학교,37.47804558,126.9107916
홍익대학교사범대학부속중학교,서울특별시 성북구 성북로14가길 23,중학교,37.59366662,127.002805
서울청파초등학교,서울특별시 용산구 효창원로 228,초등학교,37.5473049,126.9635439
서울옥정초등학교,서울특별시 성동구 한림말길 43,초등학교,37.54230974,127.0157855
한강중학교,서울특별시 용산구 녹사평대로 73,중학교,37.52361192,126.9927909
이수중학교,서울특별시 서초구 방배중앙로3길 32,중학교,37.48063003,126.989859
아주중학교,서울특별시 송파구 올림픽로4길 69,중학교,37.50523028,127.0765497
북악중학교,서울특별시 성북구 정릉로12길 41,중학교,37.60700905,127.0016095
서울서래초등학교,서울특별시 서초구 방배로 260,초등학교,37.496404,126.9901565
영원중학교,서울특별시 영등포구 영등포로62길 31,중학교,37.51497419,126.9136469
서울신동초등학교,서울특별시 서초구 나루터로 15,초등학교,37.51713004,127.0113904
서울대영초등학교,서울특별시 영등포구 신길로23길 43,초등학교,37.50267937,126.9063367
서울동구고등학교,서울특별시 성북구 성북로8길 71,고등학교,37.59410587,127.0082153
리라초등학교,서울특별시 중구 소파로2길 7,초등학교,37.5578197,126.9879121
서울신남성초등학교,서울특별시 동작구 사당로 146,초등학교,37.48815254,126.9648699619
서울선곡초등학교,서울특별시 노원구 광운로2길 1,초등학교,37.61869443,127.0578029
중산고등학교,서울특별시 강남구 일원로14길 22,고등학교,37.48574293,127.0814285
보성고등학교,서울특별시 송파구 양재대로 1278,고등학교,37.52008989,127.1357293
서울서정초등학교,서울특별시 양천구 목동로8길 19,초등학교,37.52345012,126.8672362
고척중학교,서울특별시 구로구 중앙로3길 20,중학교,37.49974083,126.8613425
대진디자인고등학교,서울특별시 강남구 광평로39길 93,고등학교,37.49042815,127.0959793
진명여자고등학교,서울특별시 양천구 목동로 170,고등학교,37.52404701,126.8658566
서울신천초등학교,서울특별시 송파구 올림픽로 215,초등학교,37.5140111,127.0950476
강남중학교,서울특별시 동작구 대방동15길 29,중학교,37.50276263,126.9233466
동국대학교사범대학부속가람중학교,서울특별시 광진구 광나루로36길 47,중학교,37.54192936,127.0869731
서울수서초등학교,서울특별시 강남구 광평로51길 46,초등학교,37.49115148,127.1015496
서울수색초등학교,서울특별시 은평구 수색로16길 21,초등학교,37.58517215,126.8960121
서울묵현초등학교,서울특별시 중랑구 동일로157길 75,초등학교,37.60908041,127.0736243
휘문고등학교,서울특별시 강남구 역삼로 541,고등학교,37.50528945,127.0619939
잠실여자고등학교,서울특별시 송파구 송파대로38길 8,고등학교,37.50179413,127.1142413
구로고등학교,서울특별시 구로구 가마산로27길 45,고등학교,37.49884008,126.8903092
동양중학교,서울특별시 동작구 흑석로9길 94,중학교,37.51022314,126.9574775
문래중학교,서울특별시 영등포구 선유서로13길 6,중학교,37.52041829,126.8841404
문정중학교,서울특별시 송파구 문정로 73,중학교,37.48848095,127.1300209
서울탑동초등학교,서울특별시 금천구 탑골로 47-3,초등학교,37.45251655,126.9153675
서울수암초등학교,서울특별시 노원구 중계로12길 9,초등학교,37.64769283,127.0814646
서울가재울초등학교,서울특별시 서대문구 모래내로15길 61,초등학교,37.57376442,126.9183891
월계고등학교,서울특별시 노원구 초안산로5길 66,고등학교,37.63173301,127.0487159
성신초등학교,서울특별시 성북구 북악산로 918,초등학교,37.59462313,127.0231285
개포고등학교,서울특별시 강남구 개포로 402,고등학교,37.48495285,127.0594065
개봉중학교,서울특별시 구로구 고척로21나길 68,중학교,37.50352932,126.8423998
서울대학교사범대학부설중학교,서울특별시 성북구 월곡로 36,중학교,37.59582047,127.0391333
문창중학교,서울특별시 동작구 여의대방로22나길 40,중학교,37.49580287,126.9224055
번동중학교,서울특별시 강북구 오현로35길 87,중학교,37.63244533,127.0362077
수서중학교,서울특별시 강남구 광평로59길 57,중학교,37.49120377,127.1023799
서울왕북초등학교,서울특별시 강남구 광평로31길 74,초등학교,37.48632828,127.0860547
해성국제컨벤션고등학교,서울특별시 동대문구 전농로20길 31,고등학교,37.5818726,127.0569769
성수중학교,서울특별시 성동구 서울숲길 18,중학교,37.54734181,127.0382534
중화고등학교,서울특별시 중랑구 봉화산로27길 62,고등학교,37.60481461,127.0836541
서울구로남초등학교,서울특별시 구로구 디지털로27길 76,초등학교,37.48420602,126.8902182
광영고등학교,서울특별시 양천구 남부순환로30길 17,고등학교,37.5371981,126.8232759
광영여자고등학교,서울특별시 양천구 남부순환로30길 17,고등학교,37.5371981,126.8232464
서울안천초등학교,서울특별시 금천구 한내로 69-16,초등학교,37.45874564,126.88839
서울대진초등학교,서울특별시 강남구 개포로109길 74,초등학교,37.49701211,127.0780425
서울미아초등학교,서울특별시 성북구 삼양로 77,초등학교,37.61058761,127.0216444
선유고등학교,서울특별시 영등포구 선유로 227,고등학교,37.53390162,126.8948507
덕일전자공업고등학교,서울특별시 구로구 서해안로21길 5-12,고등학교,37.49053652,126.8371091
서울문덕초등학교,서울특별시 송파구 송이로34길 60,초등학교,37.48518009,127.127729
서울일신초등학교,서울특별시 성북구 월곡로 74,초등학교,37.59881357,127.0401072
동마중학교,서울특별시 성동구 마조로11길 18,중학교,37.56280251,127.0403512
청원중학교,서울특별시 노원구 한글비석로 506,중학교,37.66525155,127.0625329
경희여자고등학교,서울특별시 동대문구 경희대로 26,고등학교,37.59394914,127.054891
강현중학교,서울특별시 동작구 상도로13라길 22,중학교,37.50311599,126.9307563
금성초등학교,서울특별시 중랑구 신내로21길 55,초등학교,37.61531513,127.0898585
중앙대학교사범대학부속중학교,서울특별시 동작구 서달로 124,중학교,37.50362942,126.9617326
서울수유초등학교,서울특별시 강북구 삼양로74길 39,초등학교,37.63124966,127.0202924
덕원중학교,서울특별시 강서구 강서로45길 91-44,중학교,37.54862258,126.8290245
한강미디어고등학교,서울특별시 영등포구 선유로55길 22,고등학교,37.53929145,126.8972599
창북중학교,서울특별시 도봉구 노해로62길 33,중학교,37.64911577,127.0388329
서울성산초등학교,서울특별시 마포구 양화로3길 94,초등학교,37.55342789,126.9109504
서울미성초등학교,서울특별시 관악구 문성로 79,초등학교,37.47833997,126.9123923
강서고등학교,서울특별시 양천구 목동중앙남로 27,고등학교,37.53631557,126.8657711
자양고등학교,서울특별시 광진구 뚝섬로37길 28,고등학교,37.53607797,127.0733395
서울남사초등학교,서울특별시 동작구 동작대로13길 22,초등학교,37.48194349,126.9782341
종암중학교,서울특별시 성북구 종암로5길 80-17,중학교,37.593111,127.0319913
서울방학초등학교,서울특별시 도봉구 도당로9길 34,초등학교,37.66393373,127.032748
서울배봉초등학교,서울특별시 동대문구 사가정로 193,초등학교,37.58008416,127.0668719
상명중학교,서울특별시 노원구 덕릉로 553,중학교,37.64954781,127.0680416
서울창일초등학교,서울특별시 도봉구 노해로66길 84,초등학교,37.64765764,127.0476085
서울동구로초등학교,서울특별시 구로구 구로중앙로14길 43,초등학교,37.49407053,126.8927802
경기고등학교,서울특별시 강남구 영동대로 643,고등학교,37.51756454,127.0560755
중동고등학교,서울특별시 강남구 일원로 7,고등학교,37.49371459,127.0809122
서울역삼초등학교,서울특별시 강남구 강남대로66길 21,초등학교,37.49316528,127.0326527
홍익대학교사범대학부속고등학교,서울특별시 성북구 성북로14가길 23,고등학교,37.59366662,127.002805
압구정고등학교,서울특별시 강남구 압구정로39길 20,고등학교,37.53113395,127.0327116
구암중학교,서울특별시 관악구 성현로 53,중학교,37.49277532,126.948602
신수중학교,서울특별시 마포구 신수로 49,중학교,37.545923,126.934132
언주중학교,서울특별시 강남구 선릉로116길 57,중학교,37.51465316,127.0466832
서울답십리초등학교,서울특별시 동대문구 전농로3길 23,초등학교,37.56880432,127.055427
남강중학교,서울특별시 관악구 난곡로34길 80,중학교,37.47137567,126.9249091
홍익대학교사범대학부속초등학교,서울특별시 마포구 성미산로 51,초등학교,37.55964474,126.9132084
서울난곡초등학교,서울특별시 관악구 난곡로35길 102,초등학교,37.4691282,126.9163416
경인중학교,서울특별시 구로구 경인로 301,중학교,37.49846566,126.8536725
대명중학교,서울특별시 강남구 역삼로87길 26,중학교,37.50633641,127.0609849
서울봉은초등학교,서울특별시 강남구 학동로 610,초등학교,37.52008269,127.0609329
신일중학교,서울특별시 강북구 솔매로49길 20,중학교,37.62796722,127.0284273
원묵중학교,서울특별시 중랑구 신내로23길 57,중학교,37.61777209,127.0843728
대경중학교,서울특별시 중구 매봉18길 111,중학교,37.55637326,127.0169792
반포고등학교,서울특별시 서초구 고무래로 71,고등학교,37.50270273,127.0165603
서울보라매초등학교,서울특별시 동작구 여의대방로16길 30,초등학교,37.49585189,126.9161445
경문고등학교,서울특별시 동작구 동작대로 171,고등학교,37.49341886,126.9822734
서울연지초등학교,서울특별시 노원구 월계로55길 48,초등학교,37.63319251,127.0595343
오류중학교,서울특별시 구로구 고척로27바길 19,중학교,37.50786222,126.8462113
강서공업고등학교,서울특별시 강서구 방화대로47길 9,고등학교,37.57603409,126.8161817
서울삼선초등학교,서울특별시 성북구 보문로29길 106,초등학교,37.58714152,127.0126718
서울금동초등학교,서울특별시 금천구 금하로30길 53,초등학교,37.44773848,126.9163989
서울원묵초등학교,서울특별시 중랑구 숙선옹주로 109,초등학교,37.61774881,127.0868142
화곡고등학교,서울특별시 강서구 강서로45길 69,고등학교,37.54793611,126.8315357
단국대학교사범대학부속중학교,서울특별시 강남구 도곡로64길 21,중학교,37.49561749,127.0577682
서울대곡초등학교,서울특별시 강남구 남부순환로 3022,초등학교,37.49471064,127.0650265
서울정곡초등학교,서울특별시 강서구 방화대로50길 22,초등학교,37.57695491,126.8189328
중원중학교,서울특별시 노원구 공릉로 420,중학교,37.64423868,127.0680295
신관중학교,서울특별시 관악구 신림로48길 17-16,중학교,37.48020125,126.9344522
서울오륜초등학교,서울특별시 송파구 양재대로 1196,초등학교,37.51242411,127.1345763
서울개명초등학교,서울특별시 구로구 개봉로1다길 16-9,초등학교,37.48303904,126.8509791
서울신강초등학교,서울특별시 양천구 중앙로55길 72,초등학교,37.52584419,126.8422639
서울가산초등학교,서울특별시 금천구 남부순환로 1304-11,초등학교,37.47816515,126.8963297
신목중학교,서울특별시 양천구 목동중앙로 88,중학교,37.53702399,126.8730725
장안중학교,서울특별시 중랑구 동일로 780,중학교,37.60077444,127.0809965
신천중학교,서울특별시 송파구 백제고분로 11,중학교,37.51625001,127.0792834
잠신고등학교,서울특별시 송파구 잠실로 24,고등학교,37.51470129,127.088283
서울용곡초등학교,서울특별시 광진구 용마산로22길 82,초등학교,37.56710862,127.088453
대성중학교,서울특별시 은평구 갈현로29길 51-24,중학교,37.62314228,126.9097907
서울창림초등학교,서울특별시 도봉구 덕릉로63길 46,초등학교,37.64323708,127.0416041
성남고등학교,서울특별시 동작구 대방동길 74,고등학교,37.50528157,126.9266153
서울종암초등학교,서울특별시 동대문구 무학로44길 25,초등학교,37.58230741,127.0318564
서울율현초등학교,서울특별시 강남구 밤고개로21길 15,초등학교,37.47451551,127.1082848
남서울중학교,서울특별시 관악구 남부순환로172길 97,중학교,37.48213625,126.9210371
봉은중학교,서울특별시 강남구 영동대로128길 59,중학교,37.51897667,127.0623894
서울중화초등학교,서울특별시 중랑구 신내로7가길 22,초등학교,37.60292163,127.094065
서울상월초등학교,서울특별시 노원구 동일로221길 27,초등학교,37.65865224,127.0569799722
선유중학교,서울특별시 영등포구 선유로 213,중학교,37.53328647,126.8943293
서울중목초등학교,서울특별시 중랑구 동일로 665,초등학교,37.59008735,127.0793361
독산고등학교,서울특별시 금천구 문성로 64,고등학교,37.47621872,126.9109732
방산중학교,서울특별시 송파구 오금로29길 31,중학교,37.50937287,127.1218756
서울영림초등학교,서울특별시 영등포구 시흥대로173길 14,초등학교,37.48734601,126.9025393
서울숭곡초등학교,서울특별시 성북구 종암로40길 30,초등학교,37.60840947,127.0328151
대일외국어고등학교,서울특별시 성북구 서경로 116,고등학교,37.61330459,127.014176
서울관광고등학교,서울특별시 관악구 은천로15길 25,고등학교,37.48781542,126.9437608
서울평화초등학교,서울특별시 송파구 송파대로26길 22,초등학교,37.49156712,127.1228237
방산고등학교,서울특별시 송파구 오금로27길 18,고등학교,37.50831315,127.1204696
세륜중학교,서울특별시 송파구 양재대로72길 41,중학교,37.50893314,127.1312464
서울양원초등학교,서울특별시 양천구 화곡로 16,초등학교,37.53821733,126.8231052
서울동작초등학교,서울특별시 동작구 동작대로29길 214,초등학교,37.49410161,126.9765088
서울문영여자고등학교,서울특별시 관악구 관악로 85,고등학교,37.47290457,126.9509181
서울갈산초등학교,서울특별시 양천구 목동로 31,초등학교,37.51237156,126.8702299
서울태랑초등학교,서울특별시 노원구 화랑로51나길 31,초등학교,37.62625056,127.0906031
서울한천초등학교,서울특별시 노원구 마들로 45,초등학교,37.62070936,127.0692435
서울신구초등학교,서울특별시 강남구 압구정로18길 28,초등학교,37.52336057,127.0239924
서울봉화초등학교,서울특별시 중랑구 신내로15길 110,초등학교,37.61357623,127.0924085
단국대학교부속소프트웨어고등학교,서울특별시 강남구 도곡로64길 21,고등학교,37.49562483,127.0577682
대영고등학교,서울특별시 영등포구 도림로86길 16,고등학교,37.50366109,126.9058657
서울양명초등학교,서울특별시 양천구 중앙로 204,초등학교,37.51637495,126.8566349
성동글로벌경영고등학교,서울특별시 중구 퇴계로 375,고등학교,37.56585472,127.0135246
서울당중초등학교,서울특별시 영등포구 선유로 131,초등학교,37.52628923,126.8894135
목동고등학교,서울특별시 양천구 목동동로2길 68,고등학교,37.50921598,126.860143
서울도림초등학교,서울특별시 영등포구 가마산로65길 22,초등학교,37.50750302,126.9072907
서울전곡초등학교,서울특별시 동대문구 전농로 172,초등학교,37.58070429,127.0560124
서울버들초등학교,서울특별시 송파구 석촌호수로 81,초등학교,37.51028143,127.0889992
서울정릉초등학교,서울특별시 성북구 솔샘로25가길 8,초등학교,37.61979605,127.0052561
영신여자고등학교,서울특별시 노원구 중계로16나길 13,고등학교,37.65245208,127.0832893
서울대동초등학교,서울특별시 영등포구 대림로21길 6,초등학교,37.49370503,126.9001194
서울원명초등학교,서울특별시 서초구 고무래로 90-6,초등학교,37.50079587,127.0167076
중앙대학교사범대학부속고등학교,서울특별시 강남구 선릉로 207,고등학교,37.4919059,127.0521116
서울용두초등학교,서울특별시 동대문구 천호대로13길 43,초등학교,37.57641309,127.0283872
휘봉고등학교,서울특별시 동대문구 한천로 290,고등학교,37.58647725,127.068852
서울난우초등학교,서울특별시 관악구 난우길 40,초등학교,37.47711829,126.9176525
창덕여자고등학교,서울특별시 송파구 양재대로 1240,고등학교,37.51624351,127.1402736
서울은천초등학교,서울특별시 관악구 은천로 69,초등학교,37.4865852,126.9426791
강북중학교,서울특별시 강북구 한천로150길 67,중학교,37.6449159,127.0253734
서울세륜초등학교,서울특별시 송파구 양재대로 1264,초등학교,37.51855781,127.1341633
서울수송초등학교,서울특별시 강북구 한천로124길 14,초등학교,37.63732397,127.0332067
행당중학교,서울특별시 성동구 왕십리로 189,중학교,37.55455404,127.0419634
서울도신초등학교,서울특별시 영등포구 도림로53길 32-9,초등학교,37.49926789,126.9007141
신남중학교,서울특별시 양천구 중앙로29길 109,중학교,37.52077389,126.8478926
가원중학교,서울특별시 송파구 중대로10길 40-18,중학교,37.49099949,127.1231711
금옥여자고등학교,서울특별시 양천구 신정로 213,고등학교,37.51096532,126.8439717
양천고등학교,서울특별시 양천구 신정로14길 13,고등학교,37.5083206,126.8452028
서울개운초등학교,서울특별시 성북구 정릉로48길 52,초등학교,37.60183902,127.0275962
백석중학교,서울특별시 강서구 등촌로51나길 35,중학교,37.54829091,126.8589539
광성중학교,서울특별시 마포구 신수로8길 20,중학교,37.54869756,126.9359696
서울염동초등학교,서울특별시 강서구 양천로73길 17,초등학교,37.55209548,126.8723509
서울영원초등학교,서울특별시 영등포구 도영로22길 31,초등학교,37.51071936,126.9021825
서울중마초등학교,서울특별시 광진구 동일로72길 43,초등학교,37.56579084,127.0790239
서울대방초등학교,서울특별시 영등포구 여의대방로35길 14,초등학교,37.50290012,126.9190202
영파여자고등학교,서울특별시 송파구 올림픽로 565,고등학교,37.53273562,127.1197395
서울상신초등학교,서울특별시 은평구 가좌로 361,초등학교,37.59755372,126.9046049
마곡중학교,서울특별시 강서구 마곡중앙5로 58,중학교,37.56790712,126.8214009
서울대왕초등학교,서울특별시 강남구 헌릉로618길 8,초등학교,37.46462117,127.1055912
서울은빛초등학교,서울특별시 은평구 진관3로 73-17,초등학교,37.64153447,126.921856
세곡중학교,서울특별시 강남구 자곡로 81,중학교,37.47198073,127.0918862
남대문중학교,서울특별시 성북구 한천로 660-30,중학교,37.61865113,127.0551517
풍성중학교,서울특별시 송파구 강동대로2길 27,중학교,37.52543858,127.1128839
서울북성초등학교,서울특별시 서대문구 북아현로1나길 22,초등학교,37.55963212,126.9518349
신방학중학교,서울특별시 도봉구 시루봉로 156,중학교,37.66414043,127.028899
서울대청초등학교,서울특별시 강남구 양재대로55길 28,초등학교,37.4931481,127.0877673
대치중학교,서울특별시 강남구 남부순환로378길 39,중학교,37.48457751,127.0470652
선정중학교,서울특별시 은평구 서오릉로20길 19,중학교,37.61870451,126.9090316
서울대림초등학교,서울특별시 동작구 대방동1길 22,초등학교,37.5006148,126.9248833
서울신대림초등학교,서울특별시 영등포구 대림로8길 25,초등학교,37.49215682,126.9058543
화곡중학교,서울특별시 강서구 강서로45길 70,중학교,37.5484056,126.8326573
서울행현초등학교,서울특별시 성동구 행당로 95,초등학교,37.55770899,127.029368
세화고등학교,서울특별시 서초구 신반포로 56-7,고등학교,37.50199646,126.9942300139
서울강일초등학교,서울특별시 강동구 아리수로98길 24,초등학교,37.56525568,127.1772858
서울반원초등학교,서울특별시 서초구 잠원로3길 28,초등학교,37.510312,127.0040536
서울시흥초등학교,서울특별시 금천구 독산로23길 26,초등학교,37.45534062,126.9046393
경기기계공업고등학교,서울특별시 노원구 공릉로 264,고등학교,37.63224005,127.0749285
신현고등학교,서울특별시 중랑구 봉화산로 174,고등학교,37.60524904,127.0929499
중화중학교,서울특별시 중랑구 용마산로 364,중학교,37.58450379,127.0945608
서울계남초등학교,서울특별시 양천구 목동동로2길 54,초등학교,37.51016776,126.8600159
영락중학교,서울특별시 은평구 백련산로 134-6,중학교,37.5969603,126.9251334
경신고등학교,서울특별시 종로구 혜화로 74,고등학교,37.59222582,126.999531
서울안평초등학교,서울특별시 동대문구 장한로14길 61,초등학교,37.56596821,127.0720334
서울신정고등학교,서울특별시 강서구 등촌로13아길 20,고등학교,37.53838143,126.8570622
계성초등학교,서울특별시 서초구 신반포로19길 23,초등학교,37.5049159,126.9968257
목일중학교,서울특별시 양천구 목동동로8길 70,중학교,37.51354095,126.8740325
영신고등학교,서울특별시 영등포구 대방천로14길 18,고등학교,37.49810094,126.909739
서울월정초등학교,서울특별시 강서구 월정로 176,초등학교,37.53499419,126.8362936
서울녹천초등학교,서울특별시 노원구 마들로3길 34,초등학교,37.6285066,127.0631172
노일중학교,서울특별시 노원구 동일로231길 24,중학교,37.67260103,127.0535508
구룡중학교,서울특별시 강남구 선릉로 103,중학교,37.48615258,127.056121
마포고등학교,서울특별시 강서구 화곡로 403,고등학교,37.55998867,126.8531334
여의도중학교,서울특별시 영등포구 국제금융로7길 46,중학교,37.5239802,126.9357531
서울신자초등학교,서울특별시 광진구 뚝섬로46길 64,초등학교,37.53027881,127.0755876
서울삼양초등학교,서울특별시 강북구 삼양로49길 17,초등학교,37.62329558,127.0161491
진선여자중학교,서울특별시 강남구 선릉로85길 27,중학교,37.50232303,127.0482866
경수중학교,서울특별시 성동구 뚝섬로13길 14,중학교,37.53950904,127.0592712
서연중학교,서울특별시 서대문구 연희로11마길 9-6,중학교,37.56822527,126.9273336
서울백석초등학교,서울특별시 강서구 공항대로 491,초등학교,37.55364765,126.8624258
태릉중학교,서울특별시 중랑구 공릉로2길 60-25,중학교,37.61253191,127.0834355
고려대학교사범대학부속중학교,서울특별시 성북구 정릉로 161,중학교,37.60783857,127.0028302
녹천중학교,서울특별시 노원구 월계로 376,중학교,37.63108361,127.0617375
서울여자중학교,서울특별시 마포구 백범로25길 34,중학교,37.5477805,126.94907
대청중학교,서울특별시 강남구 양재천로 321,중학교,37.49043056,127.0583501
서울영본초등학교,서울특별시 동작구 만양로12가길 69,초등학교,37.51129869,126.9486724
정의여자고등학교,서울특별시 도봉구 노해로49길 69,고등학교,37.65335584,127.0324273
예일여자중학교,서울특별시 은평구 연서로 117,중학교,37.6109459,126.9147928
서울서교초등학교,서울특별시 마포구 와우산로23길 20-27,초등학교,37.55488903,126.9243787
예일여자고등학교,서울특별시 은평구 연서로 117,고등학교,37.6109459,126.9147928
서울미양초등학교,서울특별시 강북구 솔샘로 195,초등학교,37.62153242,127.0141334
서울수명초등학교,서울특별시 강서구 수명로1길 84,초등학교,37.55277267,126.8238445
배재고등학교,서울특별시 강동구 고덕로 227,고등학교,37.55505939,127.1502473
서울장충초등학교,서울특별시 중구 청구로17길 40,초등학교,37.55991095,127.0117048
서울동호초등학교,서울특별시 성동구 매봉길 49-35,초등학교,37.54646244,127.0100328
서울경동초등학교,서울특별시 성동구 성수일로 34,초등학교,37.5438253,127.050074
아현중학교,서울특별시 마포구 마포대로 247,중학교,37.55640071,126.9565000215
월촌중학교,서울특별시 양천구 목동서로 31,중학교,37.53706518,126.8827588
동일중학교,서울특별시 금천구 탑골로10길 45,중학교,37.45193626,126.9158199
선화예술고등학교,서울특별시 광진구 천호대로 664,고등학교,37.5509798,127.0870952
한양초등학교,서울특별시 성동구 살곶이길 208,초등학교,37.55762103,127.0502634
가재울중학교,서울특별시 서대문구 수색로 100-75,중학교,37.57517186,126.9099537
중동중학교,서울특별시 강남구 일원로8길 37,중학교,37.48851679,127.078612
매원초등학교,서울특별시 성북구 북악산로 870,초등학교,37.59767468,127.0191869
서울압구정초등학교,서울특별시 강남구 압구정로39길 29,초등학교,37.53173911,127.0308441
진관중학교,서울특별시 은평구 진관4로 36,중학교,37.64425564,126.9257277
서울고산초등학교,서울특별시 구로구 중앙로 6,초등학교,37.49897255,126.8647727
서울안산초등학교,서울특별시 서대문구 통일로 321,초등학교,37.57916901,126.9522097
서울우이초등학교,서울특별시 강북구 삼양로99길 36,초등학교,37.63865468,127.0148822
한성여자고등학교,서울특별시 성북구 삼선교로16길 117,고등학교,37.5830649,127.0117841
서울창원초등학교,서울특별시 도봉구 해등로 103,초등학교,37.65264409,127.0399799
경복초등학교,서울특별시 광진구 천호대로130길 58,초등학교,37.54982961,127.0867934
정의여자중학교,서울특별시 도봉구 노해로49길 69,중학교,37.65335584,127.0324273
서울도성초등학교,서울특별시 강남구 역삼로 313,초등학교,37.50146201,127.0488722
정원여자중학교,서울특별시 서대문구 연희로37안길 51,중학교,37.58538212,126.9333431
양화중학교,서울특별시 영등포구 당산로 56,중학교,37.5196596,126.8959945
상명고등학교,서울특별시 노원구 덕릉로 553,고등학교,37.64954781,127.0680416
방배중학교,서울특별시 서초구 동광로 144,중학교,37.49486827,126.997827
서울중원초등학교,서울특별시 노원구 섬밭로 316,초등학교,37.64398229,127.0627832
장원중학교,서울특별시 중구 동호로15길 93-34,중학교,37.55396452,127.0060429
서울송파초등학교,서울특별시 송파구 백제고분로 400,초등학교,37.50713737,127.111119
서울신묵초등학교,서울특별시 중랑구 동일로149길 46,초등학교,37.60652285,127.0758358
서울영희초등학교,서울특별시 강남구 일원로 21,초등학교,37.4923004,127.0811328
서울봉래초등학교,서울특별시 중구 손기정로 73,초등학교,37.55641234,126.9652506
서울인공지능고등학교,서울특별시 송파구 양산로 21,고등학교,37.49175309,127.1423309
시흥중학교,서울특별시 금천구 시흥대로38길 60,중학교,37.44629507,126.9050823
서울신우초등학교,서울특별시 관악구 호암로 498,초등학교,37.46326397,126.9325353
